区站号,省份,站名,站类,经度,纬度,观测场拔海高度（米）,气压传感器拔海高度（米）
50136 ,黑龙江,漠河,基准站,12231,5258,438.5 ,439.7 
50137 ,黑龙江,北极村,一般站,12222,5328,296.0 ,297.3 
50246 ,黑龙江,塔河,基本站,12443,5221,361.9 ,363.0 
50247 ,黑龙江,呼中,基本站,12334,5202,514.5 ,514.9 
50349 ,黑龙江,新林,基本站,12424,5140,501.5 ,502.2 
50353 ,黑龙江,呼玛,基本站,12638,5144,173.9 ,174.8 
50425,内蒙古,额尔古纳市,基本站,12011,5015,581.4 ,582.3 
50431,内蒙古,根河市,一般站,12131,5047,717.0 ,718.3 
50434,内蒙古,图里河,基准站,12141,5029,732.6 ,733.7 
50442 ,黑龙江,加格达奇,基准站,12407,5024,371.7 ,372.7 
50445,内蒙古,鄂伦春自治旗,一般站,12344,5035,423.7 ,425.2 
50468 ,黑龙江,爱辉,基本站,12727,5015,166.4 ,167.4 
50514,内蒙古,满洲里,基准站,11719,4935,661.8 ,662.7 
50524,内蒙古,陈巴尔虎旗,一般站,11926,4919,576.6 ,578.5 
50525,内蒙古,鄂温克族自治旗,一般站,11945,4909,620.8 ,621.6 
50526,内蒙古,牙克石市,一般站,12042,4917,668.8 ,670.0 
50527,内蒙古,海拉尔,基准站,11942,4915,649.6 ,650.2 
50548,内蒙古,小二沟,基本站,12343,4912,286.1 ,287.2 
50557 ,黑龙江,嫩江,基本站,12514,4910,242.2 ,243.0 
50564 ,黑龙江,孙吴,基准站,12721,4926,234.5 ,236.0 
50566 ,黑龙江,逊克,一般站,12828,4933,116.0 ,117.4 
50603,内蒙古,新巴尔虎右旗,基本站,11649,4841,542.4 ,543.1 
50618,内蒙古,新巴尔虎左旗,基本站,11816,4813,642.0 ,642.7 
50639,内蒙古,扎兰屯,基本站,12244,4800,306.5 ,307.5 
50645,内蒙古,莫力达瓦达斡尔族自治旗,一般站,12429,4829,195.0 ,196.5 
50646 ,黑龙江,讷河,一般站,12451,4829,202.8 ,204.4 
50647,内蒙古,阿荣旗,一般站,12329,4808,236.2 ,237.2 
50655 ,黑龙江,五大连池,一般站,12611,4830,266.8 ,268.2 
50656 ,黑龙江,北安,基本站,12630,4815,278.4 ,279.1 
50658 ,黑龙江,克山,基本站,12553,4803,236.0 ,237.0 
50659 ,黑龙江,克东,一般站,12614,4803,297.0 ,298.3 
50673 ,黑龙江,嘉荫,一般站,13024,4853,90.4 ,92.3 
50674 ,黑龙江,乌伊岭,基准站,12926,4834,404.5 ,406.0 
50727,内蒙古,阿尔山,基本站,11956,4710,997.2 ,998.3 
50739 ,黑龙江,龙江,基本站,12315,4718,209.3 ,209.9 
50741 ,黑龙江,甘南,一般站,12330,4756,185.2 ,186.3 
50742 ,黑龙江,富裕,基准站,12429,4748,162.7 ,163.8 
50745 ,黑龙江,齐齐哈尔,基本站,12355,4723,147.1 ,148.0 
50749 ,黑龙江,林甸,一般站,12450,4711,154.6 ,156.1 
50750 ,黑龙江,依安,一般站,12518,4754,226.4 ,227.9 
50755 ,黑龙江,拜泉,一般站,12604,4737,249.8 ,251.2 
50756 ,黑龙江,海伦,基准站,12652,4727,247.4 ,248.0 
50758 ,黑龙江,明水,基本站,12554,4709,240.0 ,241.2 
50767 ,黑龙江,绥棱,一般站,12706,4714,202.7 ,204.0 
50772 ,黑龙江,五营,一般站,12914,4806,288.0 ,289.4 
50774 ,黑龙江,伊春,基本站,12850,4742,264.8 ,265.8 
50775 ,黑龙江,鹤岗,一般站,13012,4720,182.3 ,183.3 
50776 ,黑龙江,萝北,一般站,13050,4734,83.3 ,84.7 
50778 ,黑龙江,同江,基准站,13232,4740,57.5 ,58.5 
50779 ,黑龙江,抚远,一般站,13417,4822,40.0 ,41.2 
50787 ,黑龙江,绥滨,一般站,13150,4719,62.7 ,63.7 
50788 ,黑龙江,富锦,基本站,13159,4714,66.4 ,68.4 
50834,内蒙古,索伦,基准站,12113,4636,499.7 ,501.0 
50842 ,黑龙江,杜蒙,一般站,12425,4650,145.4 ,146.9 
50844 ,黑龙江,泰来,基本站,12327,4624,138.8 ,139.5 
50850 ,黑龙江,大庆,一般站,12508,4634,147.2 ,148.4 
50851 ,黑龙江,青冈,一般站,12605,4641,207.4 ,208.8 
50852 ,黑龙江,望奎,一般站,12627,4650,169.1 ,170.4 
50853 ,黑龙江,北林,基本站,12658,4637,179.6 ,181.2 
50854 ,黑龙江,安达,基本站,12519,4623,149.3 ,150.4 
50858 ,黑龙江,肇东,一般站,12548,4601,159.5 ,161.0 
50859 ,黑龙江,兰西,一般站,12617,4617,169.3 ,169.9 
50861 ,黑龙江,庆安,一般站,12729,4653,182.4 ,183.2 
50862 ,黑龙江,铁力,基本站,12759,4659,206.0 ,207.0 
50867 ,黑龙江,巴彦,一般站,12721,4605,134.1 ,135.5 
50871 ,黑龙江,汤原,一般站,12953,4644,95.1 ,96.4 
50873 ,黑龙江,佳木斯,基准站,13018,4647,82.0 ,83.1 
50877 ,黑龙江,依兰,基本站,12935,4618,100.1 ,101.6 
50878 ,黑龙江,桦川,一般站,13043,4700,78.2 ,79.2 
50879 ,黑龙江,桦南,一般站,13033,4613,187.0 ,188.0 
50880 ,黑龙江,集贤,一般站,13107,4644,102.3 ,103.9 
50884 ,黑龙江,双鸭山,一般站,13109,4638,175.3 ,176.8 
50888 ,黑龙江,宝清,基本站,13210,4623,79.6 ,80.6 
50892 ,黑龙江,饶河,一般站,13400,4648,54.4 ,55.3 
50913,内蒙古,乌拉盖,一般站,11850,4543,865.0 ,866.1 
50915,内蒙古,东乌珠穆沁,基本站,11658,4531,838.9 ,839.9 
50924,内蒙古,霍林郭勒,基准站,11939,4533,860.0 ,861.0 
50928,内蒙古,巴雅尔吐胡硕,一般站,12020,4504,628.3 ,629.8 
50934,内蒙古,突泉,一般站,12135,4523,311.7 ,312.7 
50936 ,吉林,白城,基准站,12250,4538 ,155.3 ,156.2 
50937,内蒙古,科尔沁右翼中旗,一般站,12129,4504,282.1 ,283.1 
50939 ,吉林,洮南,一般站,12249,4520 ,150.8 ,154.9 
50940 ,吉林,镇赉,一般站,12310,4551 ,141.1 ,142.0 
50945 ,吉林,大安,基本站,12414,4530 ,138.1 ,139.7 
50946 ,吉林,松原,一般站,12450,4511 ,139.8 ,141.3 
50948 ,吉林,乾安,基本站,12401,4500 ,146.3 ,147.9 
50949 ,吉林,前郭,基本站,12452,4505 ,136.2 ,137.4 
50950 ,黑龙江,肇州,基准站,12515,4542,148.7 ,150.2 
50953 ,黑龙江,哈尔滨,基本站,12634,4556,118.3 ,119.0 
50954 ,黑龙江,肇源,一般站,12505,4530,127.5 ,123.0 
50956 ,黑龙江,呼兰,一般站,12646,4605,134.5 ,135.3 
50958 ,黑龙江,阿城,一般站,12656,4532,168.2 ,169.7 
50960 ,黑龙江,宾县,一般站,12723,4544,184.2 ,185.7 
50962 ,黑龙江,木兰,一般站,12802,4557,112.1 ,113.5 
50963 ,黑龙江,通河,基本站,12844,4558,108.6 ,110.0 
50964 ,黑龙江,方正,一般站,12848,4550,119.3 ,120.2 
50965 ,黑龙江,延寿,一般站,12816,4526,167.2 ,168.3 
50968 ,黑龙江,尚志,基准站,12758,4513,189.7 ,191.0 
50971 ,黑龙江,七台河,一般站,13101,4546,223.5 ,225.1 
50973 ,黑龙江,勃利,基本站,13036,4545,234.4 ,235.2 
50978 ,黑龙江,鸡西,基本站,13055,4518,272.5 ,273.1 
50979 ,黑龙江,林口,一般站,13014,4516,274.7 ,275.7 
50983 ,黑龙江,虎林,基本站,13258,4546,100.2 ,101.1 
50985 ,黑龙江,密山,一般站,13152,4533,151.7 ,153.1 
50987 ,黑龙江,鸡东,一般站,13106,4516,219.9 ,220.9 
51053 ,新疆,哈巴河,基本站,8624,4803,532.6 ,533.7 
51058 ,新疆,阿克达拉,一般站,8758,4706,563.3 ,564.3 
51060 ,新疆,布尔津,基本站,8652,4742,473.9 ,474.9 
51068 ,新疆,福海,基本站,8729,4707,497.0 ,498.0 
51076 ,新疆,阿勒泰,基准站,8805,4744,735.3 ,736.5 
51087 ,新疆,富蕴,基本站,8930,4701,860.4 ,861.5 
51133 ,新疆,塔城,基准站,8300,4644,534.9 ,536.0 
51137 ,新疆,裕民,一般站,8256,4612,715.4 ,715.7 
51145 ,新疆,额敏,一般站,8339,4633,521.6 ,523.1 
51156 ,新疆,和布克赛尔,基准站,8545,4649,1322.1 ,1323.2 
51232 ,新疆,阿拉山口,基本站,8233,4511,369.8 ,371.3 
51238 ,新疆,博乐,基本站,8204,4454,532.2 ,533.2 
51241 ,新疆,托里,基本站,8336,4556,1094.2 ,1095.1 
51243 ,新疆,克拉玛依,基本站,8451,4537,450.3 ,451.1 
51334,新疆,精河,基本站,8249,4434,329.2 ,330.2 
51357 ,新疆,沙湾,一般站,8537,4420,522.2 ,523.7 
51359 ,新疆,玛纳斯,一般站,8612,4419,471.4 ,472.9 
51367,新疆,呼图壁,基本站,8651,4410,575.1 ,576.2 
51368 ,新疆,昌吉,一般站,8719,4407,515.7 ,516.7 
51369 ,新疆,米泉,一般站,8739,4358,600.3 ,601.3 
51377 ,新疆,阜康,一般站,8755,4410,547.0 ,547.9 
51378 ,新疆,吉木萨尔,一般站,8910,4400,742.9 ,744.0 
51468 ,新疆,天山大西沟,一般站,8650,4306,3539.0 ,3540.2 
51469 ,新疆,乌鲁木齐牧试站,基本站,8711,4327,1930.0 ,1931.0 
51470 ,新疆,天池,基准站,8807,4353,1942.5 ,1943.3 
51477 ,新疆,达坂城,基本站,8819,4321,1103.5 ,1104.4 
51482 ,新疆,木垒,一般站,9017,4350,1271.5 ,1272.5 
51526 ,新疆,库米什,基本站,8813,4214,922.4 ,924.0 
51542 ,新疆,巴音布鲁克,基本站,8409,4302,2458.0 ,2459.4 
51567 ,新疆,焉耆,基准站,8634,4205,1055.3 ,1056.5 
51571 ,新疆,托克逊,一般站,8836,4246,49.5 ,50.7 
51572 ,新疆,吐鲁番东坎,一般站,8915,4250,(48.7),(47.2)
51573 ,新疆,吐鲁番,基本站,8914,4257,39.3 ,40.2 
51627 ,新疆,乌什,一般站,7914,4113,1395.8 ,1397.4 
51628 ,新疆,阿克苏,基准站,8023,4107,1107.1 ,1108.1 
51636 ,新疆,新和,一般站,8239,4133,1009.8 ,1010.8 
51639 ,新疆,沙雅,基本站,8247,4114,980.4 ,981.4 
51656 ,新疆,库尔勒,基本站,8549,4144,899.8 ,901.3 
51704 ,新疆,阿图什,基本站,7610,3943,1298.7 ,1299.7 
51705 ,新疆,乌恰,基本站,7515,3943,2175.7 ,2176.7 
51707 ,新疆,伽师,一般站,7647,3930,1204.7 ,1206.3 
51709,新疆,喀什,基准站,7545,3929,1385.6 ,1386.7 
51717 ,新疆,岳普湖,一般站,7647,3915,1206.3 ,1207.7 
51720 ,新疆,柯坪,基本站,7903,4030,1161.8 ,1162.5 
51722 ,新疆,阿瓦提,一般站,8024,4039,1044.3 ,1045.1 
51730 ,新疆,阿拉尔,基本站,8116,4033,1012.2 ,1013.1 
51747 ,新疆,塔中,基准站,8340,3900,1099.3 ,1100.0 
51765 ,新疆,铁干里克,基准站,8742,4038,846.0 ,847.0 
51802 ,新疆,英吉沙,一般站,7610,3856,1297.5 ,1299.0 
51810 ,新疆,麦盖提,基本站,7738,3855,1178.2 ,1179.2 
51811 ,新疆,莎车,基本站,7716,3826,1231.2 ,1232.2 
51814 ,新疆,叶城,一般站,7724,3755,1360.4 ,1361.8 
51815 ,新疆,泽普,一般站,7716,3812,1274.7 ,1276.2 
51818 ,新疆,皮山,基本站,7817,3737,1375.4 ,1376.4 
51826 ,新疆,策勒,一般站,8048,3701,1336.5 ,1338.0 
51827,新疆,墨玉,一般站,7938,3710,1348.9 ,1350.1 
51828 ,新疆,和田,基准站,7956,3708,1375.0 ,1376.0 
51829 ,新疆,洛浦,一般站,8014,3703,1295.6 ,1297.1 
51839 ,新疆,民丰,基准站,8243,3704,1409.5 ,1410.5 
51855 ,新疆,且末,基准站,8533,3809,1247.2 ,1248.4 
51931 ,新疆,于田,基本站,8139,3651,1422.0 ,1423.0 
52101 ,新疆,巴里坤,基本站,9303,4336,1679.4 ,1680.4 
52112 ,新疆,淖毛湖,基本站,9459,4345,479.0 ,480.0 
52118 ,新疆,伊吾,基本站,9442,4316,1728.6 ,1729.6 
52203 ,新疆,哈密,基准站,9331,4249,737.2 ,738.2 
52313 ,新疆,红柳河,基准站,9440,4132,1573.8 ,1574.8 
52323,甘肃,马鬃山,基准站,9702,4148,1770.4 ,1772.0 
52515,甘肃,肃北,一般站,9452,3931 ,2137.2 ,2138.8 
52533,甘肃,酒泉,基准站,9829,3946,1477.2 ,1478.8 
52546,甘肃,高台,基本站,9950,3922,1332.2 ,1333.8 
52557,甘肃,临泽,一般站,10010,3909,1453.7 ,1455.3 
52602 ,青海,冷湖,基准站,9320,3845 ,2770.0 ,2770.8 
52643,甘肃,肃南,一般站,9937,3850,2311.8 ,2313.4 
52652,甘肃,张掖,基准站,10017,3905,1461.1 ,1462.7 
52656,甘肃,民乐,一般站,10049,3828,2232.0 ,2233.5 
52674,甘肃,永昌,基本站,10156,3813,2093.9 ,2095.4 
52679,甘肃,武威,基本站,10240,3755,1531.5 ,1533.0 
52681,甘肃,民勤,基准站,10305,3838,1367.5 ,1369.1 
52707 ,青海,小灶火,基本站,9341,3648 ,2767.0 ,2767.8 
52784,甘肃,古浪,一般站,10254,3728 ,2072.4 ,2074.0 
52787,甘肃,乌鞘岭,基准站,10252,3712,3045.1 ,3046.7 
52797,甘肃,景泰,基本站,10403,3711,1630.9 ,1632.5 
52818 ,青海,格尔木,基准站,9455,3625 ,2807.6 ,2808.4 
52825 ,青海,诺木洪,基准站,9626,3626 ,2790.4 ,2791.2 
52836 ,青海,都兰,基本站,9806,3618 ,3189.0 ,3189.8 
52854 ,青海,青海湖151,一般站,10029,3635,3200.8,3201.6 
52856 ,青海,共和,基本站,10037,3616 ,2835.0 ,2835.8 
52863 ,青海,互助,一般站,10157,3649 ,2480.0 ,2480.8 
52866 ,青海,西宁,基本站,10145,3644,2295.2 ,2296.0 
52868 ,青海,贵德,基本站,10122 ,3601,2273.0 ,2273.8 
52869 ,青海,湟中,一般站,10135,3630,2667.5 ,2668.3 
52875 ,青海,平安,一般站,10206,3630 ,2125.0 ,2125.8 
52876 ,青海,民和,基准站,10250,3620,1813.9 ,1814.7 
52877 ,青海,化隆,一般站,10215,3606,2834.7 ,2835.5 
52881,甘肃,天祝,一般站,10311,3659,2484.8 ,2486.4 
52884,甘肃,皋兰,基准站,10357 ,3621 ,1668.5 ,1670.1 
52885,甘肃,永登,一般站,10315 ,3645 ,2118.8 ,2120.4 
52895,甘肃,靖远,基本站,10441,3634,1398.2 ,1400.0 
52896,甘肃,白银,一般站,10409,3633,1736.7 ,1738.2 
52908 ,青海,五道梁,基本站,9305,3513 ,4612.2 ,4613.0 
52941 ,青海,沙珠玉,一般站,10016,3616,2872.0,2872.8 
52943 ,青海,兴海,基准站,9959,3535 ,3323.2 ,3324.0 
52955 ,青海,贵南,基本站,10044,3535 ,3120.0 ,3120.8 
52957 ,青海,同德,一般站,10036,3515 ,3148.2 ,3149.0 
52963 ,青海,尖扎,一般站,10201,3556 ,2085.7 ,2086.5 
52968 ,青海,泽库,一般站,10128,3502 ,3662.8 ,3663.6 
52972,青海,循化,一般站,10227,3551,1921.0 ,1921.8 
52974 ,青海,同仁,基本站,10202,3533 ,2475.0 ,2475.8 
52978,甘肃,夏河,一般站,10230,3511,2948.3 ,2949.9 
52980,甘肃,永靖,一般站,10318,3558,1648.0 ,1649.7 
52981,甘肃,东乡,一般站,10323,3541,2421.0 ,2422.2 
52982,甘肃,广河,一般站,10333,3529,1953.2 ,1954.4 
52983,甘肃,榆中,基准站,10409 ,3552 ,1874.4 ,1876.1 
52984,甘肃,临夏,基本站,10311,3535,1917.2 ,1918.4 
52985,甘肃,和政,一般站,10320,3525,2162.8 ,2164.2 
52986,甘肃,临洮,基本站,10352,3522 ,1893.8 ,1895.4 
52988,甘肃,康乐,一般站,10343,3522,2015.8 ,2017.3 
52993,甘肃,会宁,一般站,10504 ,3541,1739.4 ,1740.9 
52995,甘肃,安定,一般站,10437,3535 ,1897.2 ,1898.7 
52996,甘肃,华家岭,基本站,10501,3523 ,2450.6 ,2452.2 
52998,甘肃,渭源,一般站,10412,3508 ,2111.0 ,2112.6 
53068,内蒙古,二连浩特,基准站,11156,4338,963.1 ,964.6 
53083,内蒙古,那仁宝力格,基本站,11409,4437,1181.6 ,1182.9 
53149,内蒙古,满都拉气象站,基本站,11008,4232,1225.2 ,1226.1 
53192,内蒙古,阿巴嘎旗,基本站,11500,4401,1147.7 ,1148.7 
53231,内蒙古,海力素,基准站,10624,4124,1510.2 ,1511.1 
53289,内蒙古,镶黄旗,一般站,11350,4214,1322.1 ,1322.8 
53336,内蒙古,乌拉特中旗,基准站,10831,4134,1288.0 ,1289.2 
53337,内蒙古,五原,一般站,10828,4105,1023.3 ,1024.3 
53348,内蒙古,大佘太,一般站,10908,4101,1078.7 ,1080.2 
53352,内蒙古,达茂旗,基本站,11026,4142,1376.6 ,1377.5 
53357,内蒙古,固阳,一般站,11006,4102,1403.1 ,1404.1 
53362,内蒙古,四子王,基本站,11141,4132,1490.1 ,1491.4 
53367,内蒙古,希拉穆仁,基准站,11114,4119,1602.3 ,1603.3 
53368,内蒙古,武川县,一般站,11128,4105,1637.3 ,1638.3 
53378,内蒙古,察右中旗,一般站,11237,4117,1737.3 ,1737.9 
53384,内蒙古,察右后旗,一般站,11311,4127,1423.5 ,1425.0 
53385,内蒙古,商都,一般站,11332,4135,1420.0 ,1421.0 
53391,内蒙古,化德,基本站,11400,4154,1482.7 ,1483.7 
53392 ,河北,康保,一般站,11435,4151 ,1428.1 ,1429.3 
53397 ,河北,尚义,一般站,11359,4106 ,1376.5 ,1377.7 
53399 ,河北,张北,基准站,11442,4109 ,1393.3 ,1394.4 
53419,内蒙古,磴口,一般站,10700,4020,1055.3 ,1056.8 
53420,内蒙古,杭锦后旗,一般站,10707,4051,1024.0 ,1024.9 
53433,内蒙古,乌拉特前旗,一般站,10839,4044,1020.4 ,1021.9 
53446,内蒙古,包头市,基本站,10953,4032,1004.7 ,1005.6 
53455,内蒙古,土右旗气象局,一般站,11032,4033,998.6 ,1000.1 
53457,内蒙古,达拉特旗,一般站,11002,4024,1011.0 ,1012.2 
53463,内蒙古,呼和浩特,基本站,11134,4051,1153.5 ,1154.4 
53464,内蒙古,土默特左旗,一般站,11110,4043,1042.7 ,1043.7 
53466,内蒙古,呼和浩特郊区站,一般站,11142,4045,1045.4 ,1046.3 
53467,内蒙古,托克托县,一般站,11115,4015,1015.9 ,1016.9 
53469,内蒙古,和林格尔县,一般站,11149,4024,1166.7 ,1167.7 
53472,内蒙古,卓资,一般站,11234,4052,1451.7 ,1453.2 
53475,内蒙古,凉城,一般站,11228,4031,1268.9 ,1272.2 
53478 ,山西,右玉,基本站,11227,4000 ,1345.8 ,1346.8 
53480,内蒙古,集宁,基本站,11304,4102,1419.3 ,1420.3 
53481,内蒙古,察右前旗,一般站,11313,4048,1316.8 ,1317.1 
53483,内蒙古,兴和,一般站,11350,4052,1268.7 ,1269.9 
53484,内蒙古,丰镇,一般站,11309,4027,1191.5 ,1193.0 
53486 ,山西,阳高,一般站,11346,4022 ,1050.3 ,1051.2 
53487 ,山西,大同,基本站,11325,4005 ,1052.6 ,1053.6 
53488 ,山西,大同县,一般站,11335,4002 ,1034.3 ,1035.7 
53490 ,山西,天镇,基本站,11403,4026 ,1014.7 ,1015.7 
53491 ,河北,怀安,一般站,11423,4040,837.7 ,838.8 
53492 ,河北,阳原,一般站,11409,4006 ,937.6 ,938.7 
53498 ,河北,宣化,一般站,11502,4034 ,629.3 ,630.5 
53499 ,河北,万全,一般站,11444,4046 ,755.2 ,756.2 
53512,内蒙古,乌海,一般站,10648,3948,1105.6 ,1106.8 
53513,内蒙古,临河,基本站,10722,4044,1041.1 ,1042.1 
53517 ,宁夏,石炭井,一般站,10620,3916 ,1464.5 ,1466.0 
53518 ,宁夏,石嘴山,一般站,10621,3902 ,1117.7 ,1119.2 
53519 ,宁夏,惠农,基本站,10646,3913 ,1092.5 ,1093.1 
53522,内蒙古,伊克乌素,一般站,10750,4003,1180.3 ,1181.4 
53529,内蒙古,鄂托克旗,基本站,10758,3905,1381.4 ,1382.4 
53533,内蒙古,杭锦旗,一般站,10843,3949,1414.0 ,1415.5 
53543,内蒙古,东胜,基本站,10959,3950,1461.9 ,1463.1 
53545,内蒙古,伊金霍洛旗,一般站,10943,3934,1367.0 ,1368.0 
53553,内蒙古,准格尔旗,一般站,11113,3952,1221.4 ,1222.9 
53562,内蒙古,清水河县,一般站,11140,3955,1208.0 ,1209.0 
53564 ,山西,河曲,基本站,11113,3922 ,1036.0 ,1037.0 
53565 ,山西,偏关,一般站,11130,3926 ,1051.7 ,1053.2 
53567 ,陕西,府谷,一般站,11100,3901,1024.3 ,1025.1 
53573 ,山西,左云,一般站,11242,4000 ,1336.3 ,1337.7 
53574 ,山西,平鲁,一般站,11216,3931 ,1409.4 ,1410.8 
53575 ,山西,神池,一般站,11212,3906 ,1525.4 ,1526.9 
53576 ,山西,山阴,一般站,11249,3930 ,1045.0 ,1045.9 
53577 ,山西,宁武,一般站,11218,3900 ,1437.4 ,1438.9 
53578 ,山西,朔州,基本站,11226,3922 ,1114.8 ,1115.7 
53579 ,山西,代县,基准站,11254,3901 ,859.7 ,860.6 
53582 ,山西,浑源,一般站,11340,3943 ,1079.2 ,1080.7 
53584 ,山西,应县,一般站,11310,3934 ,1000.7 ,1002.2 
53585 ,山西,繁峙,一般站,11316,3910 ,933.9 ,935.4 
53588 ,山西,五台山,基本站,11331,3857 ,2208.3 ,2209.3 
53590 ,山西,广灵,一般站,11416,3945 ,977.8 ,979.3 
53593 ,河北,蔚县,基本站,11434,3950 ,909.5 ,910.7 
53594 ,山西,灵丘,基本站,11411,3927 ,938.7 ,939.6 
53596 ,河北,顺平,一般站,11509 ,3855,80.7 ,81.9 
53599 ,河北,涞源,一般站,11441 ,3922,884.4 ,885.6 
53603 ,宁夏,沙湖,一般站,10622,3850 ,1095.0 ,1096.5 
53610 ,宁夏,贺兰,一般站,10621,3834 ,1106.2 ,1107.0 
53611 ,宁夏,平罗,一般站,10633,3853,1098.7 ,1100.2 
53612 ,宁夏,吴忠,基本站,10611,3759 ,1128.8 ,1132.2 
53614 ,宁夏,银川,基准站,10612,3828 ,1110.9 ,1111.6 
53615 ,宁夏,陶乐,基本站,10642,3848 ,1101.6 ,1102.9 
53617 ,宁夏,青铜峡,一般站,10605,3802 ,1118.0 ,1119.2 
53618 ,宁夏,永宁,一般站,10615,3817 ,1113.7 ,1115.2 
53619 ,宁夏,灵武,一般站,10618,3807 ,1115.9 ,1117.4 
53644,内蒙古,乌审旗,一般站,10850,3836,1307.2 ,1308.4 
53646 ,陕西,榆林,基本站,10947,3816 ,1157.0 ,1157.8 
53651 ,陕西,神木,基本站,11028,3849 ,1098.0 ,1099.1 
53658 ,陕西,佳县,一般站,11029,3802 ,894.4 ,895.4 
53659 ,山西,临县,一般站,11100,3758 ,1163.3 ,1164.8 
53660 ,山西,保德,一般站,11105,3901 ,894.4 ,895.8 
53662 ,山西,岢岚,一般站,11135,3843 ,1396.7 ,1397.7 
53663 ,山西,五寨,基准站,11149,3855 ,1401.0 ,1402.0 
53664 ,山西,兴县,基本站,11108,3828 ,1012.6 ,1013.6 
53665 ,山西,岚县,一般站,11139,3817 ,1185.1 ,1186.0 
53666 ,山西,静乐,一般站,11156,3821 ,1212.2 ,1213.7 
53669 ,山西,娄烦,一般站,11148,3805 ,1150.3 ,1151.7 
53673 ,山西,原平,基本站,11243,3844 ,828.2 ,829.6 
53674 ,山西,忻府区,一般站,11242,3824 ,869.9 ,871.4 
53676 ,山西,定襄,一般站,11259,3830 ,759.4 ,760.4 
53677 ,山西,尖草坪,一般站,11229,3756 ,806.5 ,807.4 
53678 ,山西,阳曲,一般站,11239,3804 ,897.1 ,898.6 
53679,山西,小店,一般站,11233,3745 ,776.2 ,777.2 
53680 ,河北,灵寿,一般站,11423,3818 ,108.9 ,110.1 
53681 ,山西,五台县豆村,一般站,11322,3850 ,1096.2 ,1097.7 
53682 ,河北,曲阳,一般站,11441 ,3838,104.1 ,105.3 
53685 ,山西,盂县,一般站,11325,3804 ,953.2 ,954.6 
53687 ,山西,平定,基本站,11338,3747 ,753.0 ,753.8 
53688 ,河北,行唐,一般站,11433,3825,100.3 ,101.8 
53689 ,河北,晋州,一般站,11504,3801 ,42.4 ,43.5 
53690 ,河北,阜平,一般站,11411 ,3851,281.9 ,283.1 
53691 ,河北,正定,一般站,11434,3809 ,71.0 ,72.1 
53692 ,河北,唐县,一般站,11459 ,3844,66.5 ,67.6 
53693 ,河北,井陉,一般站,11408,3802 ,255.5 ,256.6 
53694 ,河北,平山,一般站,11413,3816 ,131.0 ,132.0 
53695 ,河北,新乐,一般站,11441,3821 ,70.8 ,72.0 
53696 ,河北,定州,一般站,11501,3833,41.9 ,42.8 
53697 ,河北,藁城,一般站,11450,3802 ,53.5 ,54.6 
53699 ,河北,无极,一般站,11457,3811 ,45.4 ,46.6 
53704 ,宁夏,中卫,基本站,10511,3732 ,1225.7 ,1226.6 
53705 ,宁夏,中宁,基本站,10541,3729 ,1183.4 ,1184.4 
53707 ,宁夏,兴仁,一般站,10515,3656 ,1697.9 ,1699.4 
53723 ,宁夏,盐池,基本站,10723,3748 ,1349.3 ,1350.4 
53725 ,陕西,定边,基准站,10735,3735 ,1360.3 ,1361.2 
53727 ,宁夏,麻黄山,一般站,10707,3710 ,1712.5 ,1713.8 
53730,内蒙古,鄂托克前旗,一般站,10729,3811,1333.3 ,1334.4 
53732,内蒙古,河南,一般站,10843,3751,1209.9 ,1211.1 
53735 ,陕西,靖边,基本站,10848,3737 ,1336.7 ,1337.8 
53738 ,陕西,吴起,基本站,10810,3655 ,1331.4 ,1332.0 
53740 ,陕西,横山,基本站,10914,3756 ,1111.0 ,1112.0 
53748 ,陕西,子长,一般站,10942,3711 ,1063.3 ,1064.4 
53750 ,陕西,米脂,一般站,11011,3746 ,931.0 ,931.6 
53751 ,陕西,子洲,一般站,11003,3736 ,894.6 ,895.8 
53753 ,山西,柳林,一般站,11053,3726 ,860.1 ,861.6 
53754 ,陕西,绥德,基准站,11013,3730 ,929.7 ,930.7 
53756 ,陕西,吴堡,一般站,11043,3731 ,744.0 ,745.0 
53757 ,陕西,清涧,一般站,11007,3707 ,938.0 ,938.8 
53759 ,山西,石楼,一般站,11050,3659 ,1109.1 ,1110.7 
53760 ,山西,方山,一般站,11114,3753 ,1212.4 ,1213.3 
53763 ,山西,古交,一般站,11210,3755 ,1006.8 ,1008.3 
53764 ,山西,离石,基本站,11106,3730 ,950.8 ,951.7 
53767 ,山西,中阳,一般站,11110,3720 ,1213.1 ,1214.6 
53768 ,山西,孝义,一般站,11145,3709 ,773.4 ,774.3 
53769 ,山西,汾阳,一般站,11147,3715 ,747.7 ,749.1 
53770 ,山西,祁县,一般站,11221,3721 ,768.8 ,770.1 
53771 ,山西,文水,一般站,11203,3725 ,750.0 ,751.3 
53772 ,山西,太原,基本站,11235,3737 ,776.3 ,777.3 
53773 ,河北,临漳,一般站,11437 ,3620,64.6 ,65.8 
53774,山西,清徐,一般站,11222,3735 ,759.9 ,760.9 
53775,山西,太谷,基本站,11236,3725 ,785.8 ,786.7 
53776 ,山西,榆次,一般站,11246,3741 ,831.2 ,832.6 
53777 ,山西,交城,一般站,11209,3731 ,753.6 ,754.6 
53778 ,山西,平遥,一般站,11213,3710 ,780.3 ,781.8 
53780 ,山西,寿阳,一般站,11309,3754 ,1066.1 ,1067.6 
53781 ,河北,沙河,一般站,11428,3652 ,67.9 ,68.9 
53782 ,山西,阳泉,一般站,11337,3756 ,767.2 ,768.9 
53783 ,山西,昔阳,一般站,11343,3736 ,940.3 ,941.8 
53784 ,河北,赵县,一般站,11447,3745 ,38.5 ,39.6 
53785 ,河北,柏乡,一般站,11440,3731 ,35.0 ,36.0 
53786,山西,左权,一般站,11320,3705 ,1152.5 ,1154.0 
53787 ,山西,榆社,基准站,11259,3704 ,1041.4 ,1042.3 
53788 ,山西,和顺,一般站,11334,3720 ,1265.7 ,1267.2 
53789 ,河北,栾城,一般站,11438,3753 ,52.9 ,54.0 
53790 ,河北,高邑,一般站,11436,3738,44.5 ,45.7 
53791 ,河北,元氏,一般站,11430,3748 ,68.4 ,69.4 
53792 ,河北,临城,一般站,11429,3727 ,113.0 ,114.0 
53794 ,河北,隆尧,一般站,11445,3721 ,33.1 ,34.3 
53795 ,河北,赞皇,一般站,11424,3739 ,159.3 ,160.4 
53796 ,河北,宁晋,一般站,11453,3737 ,30.6 ,31.6 
53797 ,河北,内丘,一般站,11423,3717 ,163.6 ,164.6 
53798 ,河北,邢台,基本站,11422,3711 ,183.0 ,184.0 
53799 ,河北,巨鹿,一般站,11459,3714,25.9 ,26.9 
53806 ,宁夏,海原,基本站,10539,3634 ,1854.2 ,1854.8 
53810 ,宁夏,同心,基本站,10554,3658 ,1339.3 ,1340.7 
53817 ,宁夏,固原,基准站,10616,3600 ,1753.0 ,1754.2 
53821,甘肃,环县,基本站,10718,3634,1255.6 ,1257.2 
53829,甘肃,庆城,一般站,10754,3559 ,1093.7 ,1095.4 
53832 ,陕西,志丹,一般站,10846,3646 ,1218.8 ,1220.0 
53841 ,陕西,安塞,一般站,10919,3653 ,1068.3 ,1069.1 
53848 ,陕西,甘泉,一般站,10921,3616 ,1005.5 ,1006.7 
53850 ,陕西,延川,一般站,11011,3653 ,804.9 ,805.7 
53852 ,山西,永和,一般站,11038,3646 ,916.6 ,918.1 
53853 ,山西,隰县,基本站,11057,3642 ,1052.7 ,1053.6 
53854 ,陕西,延长,基本站,11004,3635 ,804.8 ,805.5 
53856 ,山西,大宁,一般站,11045,3628 ,765.9 ,767.4 
53857 ,陕西,宜川,一般站,11011,3604 ,840.3 ,841.1 
53859 ,山西,吉县,基本站,11040,3606 ,851.3 ,852.3 
53860 ,山西,交口,一般站,11110,3659 ,1406.7 ,1407.2 
53861 ,山西,襄汾,一般站,11123,3553 ,463.5 ,465.0 
53862 ,山西,灵石,一般站,11148,3651 ,811.7 ,813.2 
53863 ,山西,介休,基本站,11157,3704 ,746.0 ,747.5 
53864 ,山西,蒲县,一般站,11106,3624 ,1030.6 ,1032.1 
53865 ,山西,汾西,一般站,11133,3639 ,1011.9 ,1013.4 
53866 ,山西,洪洞,一般站,11140,3614 ,462.8 ,464.3 
53868 ,山西,临汾,基本站,11130,3604 ,449.5 ,450.4 
53869 ,山西,霍州,一般站,11142,3635 ,550.0 ,551.5 
53871 ,山西,武乡,一般站,11252,3651 ,1080.3 ,1081.3 
53872 ,山西,沁县,一般站,11241,3646 ,960.7 ,961.6 
53873 ,山西,长子,一般站,11252,3606 ,951.1 ,952.6 
53874 ,山西,古县,一般站,11154,3615 ,648.7 ,650.2 
53875 ,山西,沁源,一般站,11221,3631 ,1000.0 ,1001.0 
53877 ,山西,安泽,基本站,11215,3610 ,860.1 ,861.0 
53878 ,山西,黎城,一般站,11323,3631 ,767.9 ,769.4 
53879 ,山西,屯留,一般站,11253,3619 ,952.3 ,953.8 
53880 ,山西,潞城,一般站,11314,3620 ,947.6 ,949.1 
53881 ,宁夏,韦州,一般站,10629,3717 ,1382.2 ,1383.5 
53882,山西,长治,基本站,11302,3604 ,1046.9 ,1047.9 
53883 ,河北,任县,一般站,11442,3708 ,36.5 ,37.5 
53884 ,山西,襄垣,基本站,11302,3631 ,877.9 ,878.8 
53885 ,山西,壶关,一般站,11312,3607 ,1122.0 ,1123.2 
53886 ,河北,涉县,一般站,11340 ,3634,470.4 ,471.6 
53888 ,山西,平顺,一般站,11326,3612 ,1089.2 ,1090.7 
53889 ,河南,林州,一般站,11352 ,3604 ,414.4 ,415.3 
53890 ,河北,武安,一般站,11406,3640,280.1 ,281.3 
53891 ,河北,南和,一般站,11441,3701,43.0 ,44.0 
53892 ,河北,邯郸,一般站,11428 ,3637,66.6 ,67.7 
53893 ,河北,曲周,一般站,11500 ,3647,37.9 ,39.1 
53894 ,河北,峰峰,一般站,11412 ,3624,149.3 ,150.5 
53895 ,河北,永年,一般站,11427 ,3645,111.0 ,112.0 
53896 ,河北,魏县,一般站,11457 ,3620,51.6 ,52.8 
53897 ,河北,磁县,一般站,11421 ,3624,87.4 ,88.6 
53898 ,河南,安阳,基本站,11408 ,3603 ,194.8 ,195.7 
53899 ,河北,广平,一般站,11458 ,3629,48.5 ,49.7 
53903 ,宁夏,西吉,基本站,10543,3558 ,1916.5 ,1917.9 
53906,甘肃,静宁,一般站,10543,3531,1656.4 ,1658.0 
53908,甘肃,通渭,一般站,10514,3513 ,1769.8 ,1771.3 
53910 ,宁夏,六盘山,基准站,10612,3540 ,2841.2 ,2842.1 
53914 ,宁夏,隆德,一般站,10607,3537 ,2078.6 ,2079.7 
53915,甘肃,崆峒,基本站,10640,3532,1467.6 ,1469.1 
53916 ,宁夏,泾源,一般站,10619,3530 ,1948.6 ,1949.1 
53917,甘肃,庄浪,一般站,10604,3513,1631.0 ,1632.7 
53923,甘肃,西峰,基本站,10738,3544,1421.0 ,1422.6 
53924,甘肃,灵台,一般站,10737,3504,966.6 ,968.3 
53925,甘肃,镇原,一般站,10711,3541,1172.5 ,1174.1 
53926,甘肃,泾川,一般站,10721,3521,1028.8 ,1030.5 
53927,甘肃,华亭,一般站,10637,3512,1477.6 ,1479.2 
53928,甘肃,崇信,一般站,10701,3518,1149.1 ,1150.7 
53929 ,陕西,长武,基本站,10748,3512 ,1206.5 ,1206.8 
53930,甘肃,华池,一般站,10759,3627,1420.0 ,1421.5 
53931 ,陕西,富县,一般站,10922,3600 ,984.0 ,984.8 
53934,甘肃,合水,一般站,10759,3547 ,1274.3 ,1275.9 
53935,甘肃,正宁,一般站,10824,3529,1481.9 ,1483.5 
53937,甘肃,宁县,一般站,10753,3532 ,1135.3 ,1136.8 
53938 ,陕西,旬邑,一般站,10818,3510 ,1277.0 ,1277.9 
53941 ,陕西,白水,一般站,10935,3511 ,804.4 ,805.7 
53942 ,陕西,洛川,基准站,10925,3546 ,1155.9 ,1156.9 
53944 ,陕西,黄陵,一般站,10915,3534 ,863.0 ,864.2 
53945 ,陕西,宜君,一般站,10904,3526 ,1395.2 ,1396.4 
53946 ,陕西,黄龙,一般站,10949,3536 ,1091.0 ,1092.2 
53947 ,陕西,铜川,一般站,10904,3505 ,978.9 ,979.7 
53948 ,陕西,蒲城,基本站,10935,3457 ,499.2 ,500.2 
53949 ,陕西,澄城,一般站,10955,3511 ,679.1 ,680.4 
53950 ,陕西,合阳,一般站,11009,3514 ,708.8 ,709.9 
53953 ,山西,乡宁,一般站,11051,3557 ,1290.0 ,1290.9 
53954 ,山西,稷山,一般站,11058,3537 ,433.5 ,435.0 
53956 ,山西,万荣,一般站,11050,3524 ,588.4 ,589.6 
53957 ,山西,河津,一般站,11043,3537 ,459.2 ,460.7 
53958,山西,临猗,一般站,11047,3510 ,435.6 ,436.7 
53959 ,山西,运城,基本站,11104,3507 ,375.0 ,376.5 
53961 ,山西,曲沃,一般站,11129,3539 ,472.6 ,473.5 
53962 ,山西,翼城,一般站,11142,3544 ,584.5 ,586.0 
53963 ,山西,侯马,基准站,11122,3539 ,433.8 ,435.1 
53964 ,山西,新绛,一般站,11113,3537 ,430.8 ,432.3 
53965 ,山西,绛县,一般站,11134,3531 ,761.0 ,762.5 
53966 ,山西,浮山,一般站,11150,3559 ,817.2 ,818.7 
53967 ,山西,闻喜,一般站,11112,3520 ,468.3 ,469.8 
53968 ,山西,垣曲,基本站,11140,3517 ,505.0 ,505.9 
53970 ,山西,沁水,一般站,11212,3542 ,887.3 ,888.3 
53972 ,河南,沁阳,一般站,11254 ,3503 ,117.5 ,118.5 
53973 ,山西,高平,一般站,11257,3546 ,837.3 ,838.8 
53974 ,河南,淇县,一般站,11414 ,3537 ,70.4 ,71.3 
53975 ,山西,阳城,基本站,11224,3529 ,659.5 ,661.1 
53976 ,山西,晋城,一般站,11252,3530 ,752.6 ,753.6 
53978 ,河南,济源,一般站,11238 ,3505 ,140.1 ,140.9 
53979 ,河南,博爱,一般站,11305 ,3509 ,120.0 ,121.1 
53980 ,河北,肥乡,一般站,11448 ,3633,50.2 ,51.3 
53981 ,山西,陵川,一般站,11316,3547 ,1311.6 ,1313.2 
53982 ,河南,焦作,一般站,11316 ,3514 ,112.0 ,113.5 
53983 ,河南,封丘,一般站,11425 ,3502 ,69.6 ,70.7 
53984 ,河南,修武,一般站,11328 ,3514 ,82.7 ,83.7 
53985 ,河南,辉县,一般站,11349 ,3530 ,140.7 ,142.2 
53986 ,河南,新乡,基本站,11353 ,3519 ,73.2 ,74.2 
53987 ,河南,武陟,一般站,11321 ,3506 ,94.5 ,95.5 
53988 ,河南,获嘉,一般站,11340 ,3516 ,77.6 ,78.6 
53989 ,河南,原阳,一般站,11359 ,3505 ,75.9 ,76.9 
53991 ,河南,汤阴,一般站,11420 ,3555 ,93.0 ,93.9 
53992 ,河南,浚县,一般站,11431 ,3539 ,58.2 ,59.2 
53993 ,河南,内黄,一般站,11455 ,3556 ,51.6 ,52.4 
53994 ,河南,卫辉,一般站,11404 ,3523 ,70.0 ,70.8 
53995 ,河南,滑县,一般站,11430 ,3533 ,62.5 ,64.1 
53996 ,河北,成安,一般站,11439 ,3627,57.9 ,59.0 
53997 ,河南,延津,一般站,11411 ,3509 ,71.1 ,72.1 
53998 ,河南,长垣,一般站,11439 ,3512 ,61.6 ,62.5 
54012,内蒙古,西乌珠穆沁,基本站,11738,4434,1001.7 ,1002.6 
54024,内蒙古,富河,一般站,11918,4427,710.0 ,711.4 
54026,内蒙古,扎鲁特,基本站,12054,4434,265.0 ,266.0 
54027,内蒙古,巴林左旗,基准站,11924,4359,486.2 ,486.9 
54031,内蒙古,高力板,一般站,12149,4454,198.3 ,199.8 
54039,内蒙古,舍伯吐,一般站,12201,4402,181.6 ,183.1 
54041 ,吉林,通榆,基本站,12304,4448,150.0 ,151.5 
54047,内蒙古,科左中旗,一般站,12317,4408,145.8 ,147.3 
54049 ,吉林,长岭,基本站,12358,4415 ,188.9 ,190.4 
54063 ,吉林,扶余,基本站,12600,4458 ,196.8 ,198.3 
54064 ,吉林,农安,基本站,12509,4423 ,170.2 ,171.7 
54065 ,吉林,德惠,一般站,12539,4432 ,169.1 ,170.4 
54069 ,吉林,九台,一般站,12548,4407 ,173.6 ,174.6 
54072 ,吉林,榆树,一般站,12631,4451 ,196.5 ,198.4 
54076 ,吉林,舒兰,一般站,12656,4423 ,268.1 ,269.3 
54080 ,黑龙江,五常,一般站,12709,4454,194.6 ,196.5 
54092 ,黑龙江,海林,一般站,12924,4436,292.1 ,293.5 
54093 ,黑龙江,穆棱,一般站,13033,4456,266.3 ,266.9 
54094 ,黑龙江,牡丹江,基本站,12940,4430,305.7 ,306.5 
54096 ,黑龙江,绥芬河,基本站,13110,4423,567.8 ,568.6 
54098 ,黑龙江,宁安,一般站,12928,4420,267.9 ,268.8 
54099 ,黑龙江,东宁,一般站,13108,4405,148.6 ,150.0 
54102,内蒙古,锡林浩特,基准站,11607,4357,1003.0 ,1003.8 
54113,内蒙古,巴林右旗,一般站,11839,4332,621.4 ,622.5 
54115,内蒙古,林西县,基本站,11802,4338,825.0 ,826.0 
54117,内蒙古,克什克腾旗,一般站,11732,4315,1003.3 ,1004.4 
54122,内蒙古,阿鲁科尔沁旗,一般站,12002,4352,428.9 ,429.9 
54132,内蒙古,青龙山,一般站,12104,4224,400.0 ,401.1 
54134,内蒙古,开鲁,基准站,12117,4336,241.0 ,242.0 
54135,内蒙古,通辽,基本站,12216,4336,178.7 ,179.7 
54142 ,吉林,双辽,基本站,12332,4330 ,114.9 ,116.7 
54154 ,吉林,梨树,一般站,12418,4321 ,160.2 ,160.6 
54155 ,吉林,孤家子,一般站,12414,4340 ,144.2 ,145.0 
54157 ,吉林,四平,基本站,12423,4307 ,179.5 ,181.0 
54161 ,吉林,长春,基准站,12513,4354 ,236.8 ,237.8 
54164 ,吉林,伊通,一般站,12517,4321 ,248.1 ,249.2 
54165 ,吉林,双阳,基本站,12538,4333 ,219.5 ,220.5 
54169 ,吉林,烟筒山,一般站,12601,4318 ,271.6 ,273.1 
54171 ,吉林,永吉,基本站,12631,4342 ,229.5 ,231.3 
54172 ,吉林,吉林城郊,一般站,12632,4352 ,290.3 ,291.7 
54181 ,吉林,蛟河,基本站,12720,4342 ,295.0 ,296.8 
54186 ,吉林,敦化,基准站,12812,4322 ,524.9 ,526.0 
54187 ,吉林,安图,一般站,12855,4307 ,366.6 ,367.8 
54192 ,吉林,罗子沟,一般站,13016,4342 ,384.6 ,386.0 
54195 ,吉林,汪清,基本站,12947,4318 ,244.8 ,246.2 
54204,内蒙古,正镶白旗,一般站,11500,4218,1346.3 ,1347.8 
54205,内蒙古,正蓝旗,一般站,11600,4214,1315.5 ,1316.6 
54208,内蒙古,多伦县,基准站,11628,4211,1245.4 ,1246.7 
54213,内蒙古,翁牛特旗,基本站,11901,4256,634.3 ,634.9 
54214,内蒙古,岗子,一般站,11825,4235,960.0 ,961.3 
54218,内蒙古,赤峰,基准站,11850,4218,668.6 ,669.6 
54223,内蒙古,奈曼,一般站,12039,4251,362.9 ,363.7 
54225,内蒙古,敖汉旗,一般站,11957,4218,579.4 ,580.3 
54226,内蒙古,宝国吐,基本站,12042,4220,400.5 ,401.4 
54231,内蒙古,科左后旗,一般站,12222,4255,256.9 ,257.9 
54234,内蒙古,库伦,一般站,12145,4244,297.8 ,299.0 
54236 ,辽宁,彰武,基本站,12233,4223 ,79.4 ,80.4 
54243 ,辽宁,昌图,基准站,12406,4247 ,165.1 ,166.0 
54244 ,辽宁,康平,一般站,12321,4244 ,118.6 ,120.1 
54245 ,辽宁,法库,一般站,12324,4230 ,97.8 ,99.3 
54248 ,辽宁,沈北新区,一般站,12332,4202,61.6 ,62.8 
54249 ,辽宁,铁岭,一般站,12352,4218 ,85.4 ,86.7 
54252 ,辽宁,西丰,一般站,12444,4244 ,196.1 ,197.1 
54254 ,辽宁,开原,基本站,12403,4232 ,98.2 ,99.2 
54259,辽宁,清原,基本站,12452,4204,224.0 ,224.6 
54260 ,吉林,辽源,基本站,12505,4255 ,252.9 ,254.4 
54261 ,吉林,东丰,一般站,12528,4240 ,345.3 ,345.8 
54263 ,吉林,磐石,基本站,12605,4258 ,351.2 ,352.8 
54266 ,吉林,梅河口,基本站,12538,4232 ,340.5 ,342.2 
54267 ,吉林,柳河,一般站,12544,4215 ,362.3 ,363.2 
54273 ,吉林,桦甸,基本站,12645,4259 ,263.3 ,264.8 
54274 ,吉林,辉南,一般站,12559,4241 ,306.7 ,308.3 
54276 ,吉林,靖宇,基本站,12648,4224,570.0 ,570.7 
54279 ,吉林,江源,一般站,12635,4203 ,544.4 ,545.4 
54284 ,吉林,东岗,基准站,12730 ,4209,774.2 ,775.4 
54285 ,吉林,二道,基本站,12807,4224 ,731.7 ,733.4 
54286 ,吉林,和龙,基本站,12900,4232 ,475.6 ,477.1 
54290 ,吉林,龙井,一般站,12924,4246 ,241.1 ,242.6 
54291 ,吉林,珲春,一般站,13017,4254 ,36.5 ,37.8 
54292 ,吉林,延吉,基本站,12930,4252 ,257.3 ,259.1 
54293 ,吉林,图们,一般站,12950,4257 ,142.8 ,144.1 
54301 ,河北,沽源,一般站,11539,4140 ,1411.2 ,1412.3 
54304 ,河北,崇礼,一般站,11516,4057,1239.8 ,1241.1 
54305,内蒙古,太仆寺旗,一般站,11516,4153,1468.9 ,1470.0 
54308 ,河北,丰宁,基准站,11638,4112,735.1 ,736.3 
54311 ,河北,围场,基本站,11746,4158,892.7 ,893.8 
54313,内蒙古,喀喇沁旗,一般站,11842,4156,733.7 ,734.8 
54316,内蒙古,八里罕,一般站,11845,4131,679.3 ,680.7 
54318 ,河北,隆化,一般站,11744,4119,561.6 ,562.8 
54319 ,河北,平泉,一般站,11840,4100,502.3 ,503.3 
54320,内蒙古,宁城县,一般站,11918,4136,544.2 ,545.3 
54321 ,辽宁,建平镇,一般站,11943,4154 ,661.8 ,662.7 
54323 ,辽宁,北票,一般站,12047,4149 ,253.8 ,254.6 
54324 ,辽宁,朝阳,基准站,12026,4133 ,174.3 ,175.3 
54325 ,辽宁,羊山,一般站,12022,4111 ,183.8 ,184.6 
54326,辽宁,建平县,基本站,11937,4125,462.2 ,463.0 
54327 ,辽宁,凌源,一般站,11923,4115 ,417.1 ,417.9 
54328 ,辽宁,喀左,一般站,11946,4107 ,341.0 ,342.2 
54332 ,辽宁,辽中,一般站,12242,4131 ,12.2 ,12.9 
54333 ,辽宁,新民,基准站,12251,4158 ,30.9 ,32.1 
54336 ,辽宁,台安,一般站,12226,4125 ,8.3 ,9.3 
54338 ,辽宁,盘山,一般站,12202,4116 ,4.8 ,5.4 
54339 ,辽宁,鞍山,基本站,12300,4105 ,77.3 ,78.2 
54340 ,辽宁,苏家屯,一般站,12319,4140 ,35.8 ,37.3 
54342 ,辽宁,沈阳,基本站,12331,4144 ,49.0 ,49.5 
54345 ,辽宁,辽阳县,一般站,12304,4112 ,30.7 ,32.1 
54346 ,辽宁,本溪,基本站,12347,4118 ,185.4 ,186.4 
54347 ,辽宁,辽阳,一般站,12311,4115 ,24.8 ,25.8 
54348 ,辽宁,灯塔,一般站,12322 ,4125 ,45.0 ,46.0 
54351 ,辽宁,抚顺,基本站,12404,4155 ,118.5 ,119.1 
54353 ,辽宁,新宾,基本站,12502,4143 ,328.4 ,329.0 
54362 ,吉林,通化县,一般站,12544,4140 ,380.1 ,381.3 
54363 ,吉林,通化,基本站,12554,4141 ,402.9 ,404.6 
54371 ,吉林,白山,一般站,12626,4156 ,520.6 ,521.8 
54374 ,吉林,临江,基本站,12653,4148 ,379.7 ,381.3 
54377 ,吉林,集安,基本站,12613,4109,225.1 ,226.1 
54386 ,吉林,长白,基本站,12811,4125 ,775.0 ,776.5 
54398 ,北京,顺义,一般站,11637,4008 ,28.6 ,29.6 
54399 ,北京,海淀,一般站,11617,3959 ,45.8 ,46.9 
54401 ,河北,张家口,基本站,11455,4046,772.8 ,774.0 
54404 ,河北,赤城,一般站,11550,4053 ,867.6 ,868.7 
54405 ,河北,怀来,基本站,11530,4025 ,570.9 ,572.1 
54406 ,北京,延庆,基本站,11558,4027 ,487.9 ,489.1 
54408 ,河北,涿鹿,一般站,11513,4023 ,529.6 ,530.7 
54416 ,北京,密云,基准站,11652,4023 ,71.8 ,73.0 
54419 ,北京,怀柔,一般站,11638,4022 ,75.7 ,76.8 
54420 ,河北,滦平,一般站,11720,4056,529.0 ,530.1 
54421 ,北京,上甸子,一般站,11707,4039 ,293.3 ,294.3 
54423 ,河北,承德,基本站,11755,4058,422.3 ,423.5 
54424 ,北京,平谷,一般站,11707,4010 ,32.1 ,33.3 
54425 ,河北,兴隆,一般站,11728 ,4024,633.2 ,634.4 
54428 ,天津,蓟州,一般站,11727,4003 ,32.0 ,33.2 
54429 ,河北,遵化,基本站,11757,4012 ,54.9 ,56.1 
54430 ,河北,承德县,一般站,11813,4047,330.0 ,331.1 
54431 ,北京,通州,一般站,11645,3951 ,19.8 ,20.8 
54432 ,河北,宽城,一般站,11828,4037 ,369.3,370.4
54433 ,北京,朝阳,一般站,11630,3957 ,35.3 ,36.3 
54434 ,河北,迁西,一般站,11820,4010,131.6 ,132.8 
54436 ,河北,青龙,基本站,11857,4025,254.3 ,255.4 
54437 ,河北,滦南,一般站,11837,3930,18.3 ,19.3 
54438 ,河北,卢龙,一般站,11853,3953 ,65.0 ,66.1 
54439 ,河北,迁安,一般站,11843,4001 ,50.9 ,52.0 
54449 ,河北,秦皇岛,基本站,11931,3951 ,2.4 ,3.5 
54452 ,辽宁,建昌,基本站,11948,4048 ,367.0 ,367.8 
54453 ,辽宁,连山区,一般站,12058,4052 ,38.9 ,39.9 
54454 ,辽宁,绥中,基本站,12018,4020 ,29.0 ,29.6 
54455 ,辽宁,兴城,基准站,12039,4037 ,20.5 ,21.5 
54470 ,辽宁,大洼,基本站,12203,4101 ,5.5 ,6.4 
54471 ,辽宁,营口,基本站,12210,4040 ,3.8 ,4.7 
54474 ,辽宁,盖州,一般站,12221,4025 ,24.8 ,25.7 
54475 ,辽宁,大石桥,一般站,12227,4034 ,11.5 ,12.9 
54476 ,辽宁,熊岳,基本站,12209,4011 ,20.4 ,21.4 
54483 ,辽宁,草河口,一般站,12354,4052 ,233.6 ,234.6 
54486 ,辽宁,岫岩,基本站,12317,4020 ,97.7 ,98.6 
54493 ,辽宁,宽甸,基准站,12447,4043 ,260.1 ,261.1 
54494 ,辽宁,凤城,一般站,12403,4028 ,72.6 ,73.5 
54497 ,辽宁,丹东,基本站,12420,4002 ,13.8 ,14.7 
54499 ,北京,昌平,一般站,11613,4013 ,76.2 ,77.4 
54501 ,北京,斋堂,一般站,11541,3958 ,440.3 ,441.3 
54502 ,河北,涿州,一般站,11602 ,3929,29.3 ,30.4 
54503 ,河北,容城,一般站,11549,3904,12.8 ,14.0 
54505,北京,门头沟,一般站,11609,3953,85.5 ,86.6 
54506 ,河北,高碑店,一般站,11557 ,3919,24.6 ,25.7 
54507 ,河北,易县,一般站,11531,3920,49.3 ,50.8 
54510 ,河北,大厂,一般站,11657,3955,18.3 ,19.3 
54511 ,北京,北京,基本站,11628,3948 ,31.3 ,32.3 
54512 ,河北,固安,一般站,11617,3925,21.4 ,22.6 
54513 ,北京,石景山,一般站,11612,3957 ,63.0 ,64.1 
54514 ,北京,丰台,一般站,11615,3952 ,55.2 ,56.7 
54515 ,河北,廊坊,一般站,11642,3930 ,13.7 ,14.8 
54518 ,河北,霸州,基本站,11624,3910,8.9 ,10.4 
54519 ,河北,永清,一般站,11629,3918 ,12.2 ,13.4 
54520 ,河北,三河,一般站,11705,3958 ,18.1 ,19.3 
54521 ,河北,香河,一般站,11659,3942 ,9.4 ,10.6 
54522 ,河北,玉田,一般站,11744,3953 ,14.4 ,15.6 
54523 ,天津,武清,一般站,11704,3926 ,8.2 ,9.4 
54525 ,天津,宝坻,基本站,11717,3944 ,5.1 ,6.3 
54526 ,天津,东丽,一般站,11720,3905 ,1.9 ,2.6 
54527 ,天津,西青,基本站,11703,3905 ,3.5 ,4.3 
54528 ,天津,北辰,一般站,11708,3914 ,3.4 ,4.6 
54529 ,天津,宁河,一般站,11749,3921 ,3.9 ,5.1 
54530 ,天津,汉沽,一般站,11746,3914 ,1.3 ,2.5 
54531 ,河北,滦县,一般站,11843,3944,43.0 ,44.1 
54532 ,河北,丰润,一般站,11805,3948,31.6 ,32.8 
54533 ,河北,丰南,一般站,11806,3935,8.9 ,10.1 
54534 ,河北,唐山,基本站,11806,3939 ,23.2 ,24.4 
54535 ,河北,曹妃甸,基准站,11828,3917 ,3.2 ,4.4 
54539 ,河北,乐亭,基本站,11853,3926 ,8.5 ,9.7 
54540 ,河北,昌黎 ,一般站,11912,3944 ,17.6 ,18.7 
54541 ,河北,抚宁,一般站,11914,3954 ,24.3 ,25.4 
54563 ,辽宁,瓦房店,基本站,12201,3938 ,118.7 ,119.7 
54565,辽宁,长兴岛,一般站,12128,3936,70.6 ,71.6 
54568,辽宁,金州,一般站,12145,3904,90.8 ,91.9 
54569 ,辽宁,普兰店,一般站,12157,3925 ,11.7 ,12.7 
54575 ,辽宁,皮口,一般站,12220,3924 ,43.2 ,44.2 
54579 ,辽宁,长海,基准站,12235,3916 ,35.5 ,36.5 
54584 ,辽宁,庄河,基本站,12257,3943 ,34.8 ,35.8 
54590 ,辽宁,东港,一般站,12409,3955 ,3.9 ,5.0 
54594 ,北京,大兴,一般站,11621,3943 ,37.5 ,38.7 
54596,北京,房山,一般站,11612,3946,48.9 ,49.9 
54597 ,北京,霞云岭,一般站,11544,3944 ,407.7 ,408.7 
54601 ,河北,徐水,一般站,11539 ,3859,13.1 ,14.3 
54602 ,河北,保定,基本站,11529 ,3844,16.8 ,17.9 
54603 ,河北,高阳,一般站,11546 ,3843,10.0 ,11.2 
54604 ,河北,安国,一般站,11520 ,3825,29.6 ,30.8 
54605 ,河北,安新,一般站,11556 ,3856,4.4 ,5.6 
54606 ,河北,饶阳,基准站,11545,3813 ,17.9 ,18.9 
54607 ,河北,望都,一般站,11507 ,3842,47.8 ,49.0 
54608 ,河北,深州,一般站,11533,3800 ,26.1 ,27.3 
54609 ,河北,安平,一般站,11535,3814,22.4 ,23.6 
54610 ,河北,任丘,一般站,11606,3844 ,8.1 ,9.2 
54611 ,河北,满城,一般站,11519 ,3856,44.8 ,45.9 
54612 ,河北,文安,一般站,11627,3851,4.3 ,5.4 
54613 ,河北,大城,一般站,11637,3842 ,6.9 ,8.0 
54614 ,河北,河间,一般站,11603,3825,10.9 ,12.4 
54615 ,河北,青县,一般站,11651,3835,8.0 ,9.3 
54616 ,河北,沧州,一般站,11651,3821 ,8.0 ,9.1 
54617 ,河北,献县,一般站,11610,3812 ,13.3 ,14.5 
54618 ,河北,泊头,基本站,11633,3805 ,13.2 ,14.3 
54619 ,天津,静海,一般站,11655,3855 ,5.5 ,6.7 
54620 ,河北,蠡县,一般站,11534 ,3829,18.5 ,19.7 
54621 ,河北,深泽,一般站,11511,3811 ,38.1 ,39.3 
54622 ,天津,津南,一般站,11722,3859 ,3.7 ,3.9 
54623 ,天津,塘沽,基本站,11743,3903 ,4.8 ,5.7 
54624 ,河北,黄骅,基本站,11719,3824,4.5 ,6.0 
54626 ,河北,肃宁,一般站,11549,3825 ,13.9 ,15.1 
54627 ,河北,盐山,一般站,11714,3802 ,8.2 ,9.4 
54628 ,河北,海兴,一般站,11729,3809 ,6.4 ,7.6 
54631 ,河北,广宗,一般站,11509,3704 ,32.4 ,33.4 
54632 ,河北,平乡,一般站,11502,3704 ,34.0 ,35.0 
54633 ,河北,新河,一般站,11516,3730 ,26.1 ,27.1 
54636 ,河北,雄县,一般站,11607 ,3901,10.3 ,11.5 
54640 ,河北,鸡泽,一般站,11452 ,3655,36.0 ,37.2 
54644 ,河北,孟村,一般站,11707,3803 ,10.5 ,11.7 
54645 ,天津,大港,一般站,11728,3851 ,2.2 ,3.4 
54662 ,辽宁,大连,基本站,12138,3854 ,91.5 ,92.5 
54700 ,河北,武强,一般站,11556,3802 ,16.2 ,17.4 
54701 ,河北,辛集,一般站,11512,3756 ,35.9 ,36.9 
54702 ,河北,衡水,一般站,11542,3744 ,20.7 ,21.9 
54703 ,河北,武邑,一般站,11553,3748 ,21.3 ,22.5 
54704 ,河北,冀州,一般站,11534,3731,24.8 ,26.0 
54705 ,河北,南宫,基本站,11523,3722 ,27.4 ,28.6 
54706 ,河北,清河,一般站,11540,3705 ,31.5 ,32.7 
54707 ,河北,故城,一般站,11559,3721 ,27.4 ,28.6 
54708 ,河北,枣强,一般站,11544,3730 ,23.6 ,24.7 
54709 ,山东,武城,一般站,11604,3714 ,24.8 ,25.6 
54710 ,河北,阜城,一般站,11610,3752 ,18.6 ,19.8 
54711 ,河北,景县,一般站,11617,3742 ,18.3 ,19.5 
54712 ,山东,临邑,一般站,11649,3712 ,18.5 ,19.7 
54713 ,河北,东光,一般站,11632,3753 ,14.4 ,15.6 
54714 ,山东,德州,一般站,11620,3727 ,23.6 ,25.1 
54715 ,山东,陵城,基本站,11631,3719 ,17.6 ,18.7 
54716 ,山东,宁津,一般站,11648,3740 ,16.3 ,17.8 
54717 ,河北,吴桥,一般站,11624,3738 ,17.1 ,18.3 
54719 ,河北,南皮,一般站,11641,3802 ,11.1 ,12.3 
54722 ,山东,无棣,一般站,11738,3745 ,6.8 ,7.8 
54723 ,山东,阳信,一般站,11734,3739 ,10.1 ,11.2 
54724 ,山东,商河,一般站,11708,3719 ,14.8 ,15.9 
54725 ,山东,惠民,基准站,11732,3730 ,11.7 ,12.7 
54726 ,山东,乐陵,一般站,11711,3742 ,11.5 ,13.0 
54727 ,山东,章丘,基本站,11733,3641 ,121.8 ,123.0 
54728 ,山东,庆云,一般站,11721,3746 ,10.5 ,11.6 
54729 ,山东,高青,一般站,11752,3710 ,11.5 ,12.5 
54734 ,山东,滨州,一般站,11800,3721 ,12.2 ,13.4 
54736 ,山东,东营,一般站,11840,3726 ,6.0 ,7.2 
54744 ,山东,垦利,基本站,11833,3735 ,8.5 ,9.8 
54749 ,山东,莱州,一般站,11957,3711 ,48.4 ,49.5 
54751 ,山东,长岛,基本站,12044,3756 ,39.7 ,40.9 
54752 ,山东,蓬莱,一般站,12046,3748 ,60.7 ,61.8 
54753 ,山东,龙口,基准站,12020,3738 ,4.8 ,6.0 
54755,山东,招远,一般站,12023,3720,117.8 ,118.7 
54759 ,山东,栖霞,一般站,12051,3719,205.5 ,206.5 
54764 ,山东,福山,基本站,12114,3729 ,53.9 ,55.2 
54765 ,山东,烟台,一般站,12126,3729 ,82.0 ,83.0 
54776 ,山东,成山头,基准站,12242,3724 ,47.7 ,48.7 
54777 ,山东,文登,一般站,12204,3712 ,118.0 ,119.2 
54800 ,河北,威县,一般站,11515,3700 ,33.3 ,34.3 
54801 ,河北,临西,一般站,11529,3651 ,35.3 ,36.3 
54802 ,山东,临清,一般站,11544,3649 ,34.0 ,34.9 
54804 ,河北,大名,一般站,11511 ,3618,45.3 ,46.5 
54806 ,山东,聊城,一般站,11558,3625 ,33.0 ,34.3 
54807,山东,阳谷,一般站,11546,3609,41.2 ,42.5 
54808 ,山东,莘县,基准站,11538,3614 ,37.8 ,39.1 
54809 ,河北,馆陶,一般站,11517 ,3633,41.3 ,42.5 
54812 ,山东,齐河,一般站,11643,3644 ,24.7 ,25.9 
54814 ,山东,茌平,一般站,11615,3632 ,29.7 ,30.9 
54815 ,山东,东阿,一般站,11616,3623 ,31.4 ,32.6 
54816 ,山东,长清,一般站,11648,3631 ,98.9 ,100.1 
54817 ,河南,台前,一般站,11552 ,3559 ,42.1 ,43.1 
54818 ,山东,平阴,一般站,11625,3615 ,79.9 ,81.0 
54819 ,山东,肥城,一般站,11648,3611 ,113.6 ,114.9 
54820 ,河北,邱县,一般站,11512 ,3649,39.0 ,40.0 
54821 ,山东,济阳,一般站,11712,3700 ,20.4 ,21.6 
54822 ,山东,邹平,一般站,11744,3652 ,47.4 ,48.6 
54823 ,山东,济南,基本站,11700,3636 ,170.3 ,171.2 
54824 ,山东,淄川,一般站,11757,3638 ,95.0 ,96.0 
54825 ,山东,博山,一般站,11751,3631 ,189.7 ,190.9 
54826 ,山东,泰山,基准站,11706,3615 ,1533.7 ,1534.6 
54827 ,山东,泰安,一般站,11709,3610 ,128.6 ,129.8 
54828 ,山东,莱芜,一般站,11741,3614 ,229.3 ,230.3 
54829 ,山东,周村,一般站,11752,3646 ,85.7 ,86.7 
54830 ,山东,淄博,一般站,11756,3649 ,34.4 ,35.3 
54831 ,山东,青州,一般站,11830,3639 ,102.5 ,103.9 
54832 ,山东,寿光,一般站,11848,3652 ,23.4 ,24.6 
54833 ,山东,桓台,一般站,11805,3658 ,15.1 ,16.3 
54834 ,山东,临淄,一般站,11817,3652 ,46.3 ,47.3 
54835 ,山东,临朐,一般站,11834,3628 ,149.5 ,150.5 
54836 ,山东,沂源,基本站,11810,3611 ,305.1 ,306.3 
54837 ,山东,昌乐,一般站,11850,3641 ,78.8 ,80.0 
54841 ,山东,昌邑,一般站,11925,3652 ,23.5 ,24.7 
54842 ,山东,平度,基本站,12000,3647 ,62.2 ,63.3 
54843 ,山东,潍坊,基本站,11912,3645 ,22.2 ,22.9 
54844 ,山东,安丘,一般站,11911,3625 ,62.7 ,63.8 
54846 ,山东,高密,一般站,11944,3623 ,51.5 ,52.7 
54848 ,山东,诸城,一般站,11925,3559 ,82.6 ,83.6 
54849 ,山东,胶州,一般站,12002,3613 ,84.4 ,85.3 
54851 ,山东,莱西,一般站,12034,3654 ,76.9 ,77.8 
54852 ,山东,莱阳,一般站,12044,3658 ,54.4 ,55.4 
54853 ,山东,崂山,一般站,12031,3608 ,54.0 ,55.1 
54855 ,山东,即墨,一般站,12023,3624 ,47.8 ,49.0 
54857 ,山东,青岛,基本站,12020,3604 ,76.0 ,77.1 
54861 ,山东,乳山,一般站,12132,3656 ,45.4 ,46.6 
54863 ,山东,海阳,基本站,12111,3647 ,40.9 ,42.0 
54871 ,山东,石岛,一般站,12229,3656 ,9.8 ,11.0 
54900 ,河南,濮阳,一般站,11501 ,3542 ,53.7 ,54.7 
54901 ,河南,南乐,一般站,11510 ,3605 ,47.5 ,48.5 
54902 ,河南,清丰,一般站,11509 ,3557 ,49.3 ,50.3 
54903 ,河南,范县,一般站,11529 ,3551 ,46.0 ,47.0 
54904 ,山东,鄄城,一般站,11531,3535 ,50.1 ,51.5 
54905 ,山东,郓城,一般站,11556,3535 ,46.2 ,47.4 
54906 ,山东,菏泽,一般站,11525,3515 ,49.9 ,51.1 
54907 ,山东,鱼台,一般站,11639,3459 ,34.3 ,35.9 
54908 ,山东,东明,一般站,11506,3516 ,57.3 ,58.2 
54909 ,山东,定陶,基本站,11531,3505 ,51.5 ,52.6 
54910 ,山东,梁山,一般站,11603,3549 ,40.9 ,42.0 
54911 ,山东,东平,一般站,11624,3556,44.0 ,45.0 
54912 ,山东,汶上,一般站,11630,3546 ,41.8 ,42.9 
54913 ,山东,宁阳,一般站,11649,3545 ,62.2 ,63.4 
54914 ,山东,巨野,一般站,11605,3525 ,40.6 ,41.8 
54915 ,山东,济宁,一般站,11636,3526 ,33.3 ,34.5 
54916 ,山东,兖州,基本站,11651,3534 ,51.7 ,52.7 
54917 ,山东,金乡,一般站,11620,3508 ,35.8 ,37.3 
54918 ,山东,曲阜,一般站,11658,3536 ,62.3 ,63.3 
54919 ,山东,邹城,一般站,11659,3523,88.7 ,89.7 
54920 ,山东,泗水,一般站,11717,3539 ,110.4 ,111.6 
54921 ,山东,嘉祥,一般站,11620,3525 ,38.1 ,39.6 
54922 ,山东,新泰,一般站,11745,3552 ,206.0 ,207.2 
54923 ,山东,蒙阴,一般站,11756,3543 ,202.2 ,203.4 
54925 ,山东,平邑,一般站,11741,3530 ,161.2 ,162.4 
54927 ,山东,滕州,一般站,11712,3506 ,74.9 ,75.9 
54929 ,山东,费县,基本站,11758,3516 ,121.2 ,122.2 
54932 ,山东,沂水,一般站,11839,3546 ,186.7 ,187.8 
54935 ,山东,沂南,一般站,11826,3532 ,119.4 ,120.6 
54936 ,山东,莒县,基准站,11850,3534 ,107.4 ,108.4 
54938 ,山东,临沂,一般站,11825,3515 ,124.0 ,125.1 
54939 ,山东,莒南,一般站,11849,3510 ,113.8 ,115.0 
54940 ,山东,五莲,一般站,11912,3545 ,148.2 ,149.0 
54943 ,山东,黄岛,一般站,12000 ,3553,10.4 ,11.9 
54945 ,山东,日照,基本站,11933,3528 ,64.4 ,65.5 
55228 ,西藏,狮泉河,基准站,8005,3230 ,4278.6 ,4279.8 
55248 ,西藏,改则,基准站,8425,3209 ,4414.9 ,4416.1 
55299 ,西藏,那曲,基准站,9204,3129 ,4507.0 ,4508.2 
55437 ,西藏,普兰,基准站,8115,3017 ,3900.0 ,3901.2 
55493 ,西藏,当雄,基本站,9106,3029 ,4200.0 ,4201.2 
55569 ,西藏,拉孜,基本站,8736 ,2905 ,4000.0 ,4001.2 
55572 ,西藏,南木林,一般站,8906,2941 ,4000.0 ,4001.3 
55593 ,西藏,墨竹工卡,一般站,9144,2951 ,3804.0 ,3805.1 
55597 ,西藏,琼结,一般站,9141,2902 ,3740.0 ,3741.2 
55598 ,西藏,泽当,基本站,9146,2916 ,3560.0 ,3561.5 
55655,西藏,聂拉木,基准站,8558,2811,3810.0 ,3811.2 
55664 ,西藏,定日,基本站,8705,2838 ,4300.0 ,4301.2 
55680 ,西藏,江孜,基本站,8936,2855 ,4040.0 ,4041.2 
56004 ,青海,沱沱河,基准站,9226,3413 ,4533.1 ,4533.9 
56016 ,青海,治多,一般站,9537,3351 ,4179.1 ,4179.9 
56018 ,青海,杂多,基准站,9517,3253,4066.4 ,4067.2 
56021 ,青海,曲麻莱,基本站,9548,3407,4175.0 ,4175.8 
56029 ,青海,玉树,基本站,9658,3300,3716.9 ,3717.7 
56033 ,青海,玛多,基准站,9813,3455 ,4272.3 ,4273.1 
56034 ,青海,清水河,基本站,9708,3348 ,4415.4 ,4416.2 
56038 ,四川,石渠,基本站,9806,3259 ,4200.0 ,4201.0 
56043 ,青海,玛沁,基本站,10014,3429,3719.0 ,3719.8 
56045 ,青海,甘德,一般站,9954,3358 ,4050.0 ,4050.8 
56046 ,青海,达日,基准站,9939,3345 ,3967.5 ,3968.3 
56065 ,青海,河南,基本站,10136,3444 ,3500.0 ,3500.8 
56067 ,青海,久治,基准站,10129,3326 ,3628.5 ,3629.3 
56071,甘肃,碌曲,一般站,10230,3436,3190.6 ,3192.2 
56074,甘肃,玛曲,基本站,10205,3400,3471.4 ,3473.0 
56079 ,四川,若尔盖,基本站,10258,3335 ,3441.4 ,3442.6 
56080,甘肃,合作,基准站,10254,3500,2910.0 ,2911.6 
56081,甘肃,临潭,一般站,10321,3442,2810.2 ,2812.0 
56082,甘肃,卓尼,一般站,10330,3435,2592.1 ,2593.8 
56084,甘肃,迭部,一般站,10314,3404,2374.2 ,2375.9 
56091,甘肃,漳县,一般站,10428,3451 ,1883.3 ,1884.7 
56092,甘肃,陇西,一般站,10439,3500 ,1728.2 ,1729.8 
56093,甘肃,岷县,基准站,10401,3426 ,2315.0 ,2316.5 
56094,甘肃,舟曲,一般站,10422,3347,1329.3 ,1331.0 
56095,甘肃,宕昌,一般站,10423,3402,1753.2 ,1754.9 
56096,甘肃,武都,基本站,10455,3324,1079.1 ,1080.7 
56097 ,四川,九寨沟,一般站,10415,3316 ,1440.5 ,1441.7 
56116 ,西藏,丁青,基本站,9536,3125 ,3873.1 ,3874.3 
56125 ,青海,囊谦,基准站,9628,3212 ,3643.7 ,3644.5 
56128 ,西藏,类乌齐,一般站,9636,3113 ,3810.0 ,3811.2 
56137 ,西藏,昌都,基准站,9710,3109 ,3315.0 ,3316.2 
56144 ,四川,德格,基本站,9835,3148 ,3184.0 ,3185.0 
56146 ,四川,甘孜,基准站,10000,3137 ,3393.5 ,3394.4 
56147 ,四川,白玉,一般站,9850,3113 ,3260.0 ,3261.5 
56151 ,青海,班玛,基本站,10045,3256 ,3530.0 ,3530.8 
56152 ,四川,色达,基本站,10020,3217 ,3893.9 ,3895.0 
56158 ,四川,炉霍,一般站,10040,3124 ,3250.0 ,3251.5 
56164 ,四川,壤塘,一般站,10058,3216 ,3292.9 ,3294.1 
56167 ,四川,道孚,基本站,10107,3059 ,2957.2 ,2958.3 
56168 ,四川,金川,一般站,10204,3129 ,2168.9 ,2170.1 
56171 ,四川,阿坝,一般站,10142,3254 ,3275.1 ,3276.3 
56172 ,四川,马尔康,基准站,10214,3154 ,2664.4 ,2665.6 
56173 ,四川,红原,基准站,10233,3248 ,3491.6 ,3492.8 
56178 ,四川,小金,基本站,10221,3100,2438.0 ,2439.2 
56180 ,四川,茂县,一般站,10351,3141 ,1590.1 ,1591.3 
56181 ,四川,崇州,一般站,10342,3041 ,541.7 ,543.2 
56182 ,四川,松潘,基本站,10336,3240 ,2881.3 ,2882.5 
56183 ,四川,汶川,一般站,10337,3130,1370.1 ,1371.3 
56184 ,四川,理县,一般站,10310,3126 ,1896.7 ,1897.9 
56185 ,四川,黑水,一般站,10259,3205 ,2400.1 ,2401.3 
56186 ,四川,绵竹,一般站,10412,3120 ,589.0 ,590.2 
56187 ,四川,温江,基准站,10352,3045 ,547.7 ,548.9 
56188 ,四川,都江堰,基本站,10340,3100 ,698.5 ,699.7 
56189 ,四川,彭州,一般站,10356,3059 ,581.7 ,583.1 
56192,甘肃,文县,一般站,10440,3257,1014.3 ,1015.8 
56197 ,四川,什邡,一般站,10410,3109 ,535.7 ,536.9 
56198 ,四川,德阳 ,一般站,10430,3119 ,525.7 ,526.9 
56199 ,四川,中江,一般站,10441,3102 ,423.5 ,424.7 
56223 ,西藏,洛隆,基本站,9550,3045 ,3640.0 ,3641.2 
56227 ,西藏,波密,基本站,9546,2952 ,2736.0 ,2737.2 
56228 ,西藏,八宿,一般站,9655,3003 ,3260.0 ,3261.0 
56247 ,四川,巴塘,基本站,9906,3000 ,2589.2 ,2590.2 
56251 ,四川,新龙,基本站,10019,3056 ,3000.0 ,3000.9 
56257 ,四川,理塘,基本站,10016,3000 ,3948.9 ,3949.8 
56263 ,四川,丹巴,一般站,10153,3053 ,1949.7 ,1951.2 
56267 ,四川,雅江,一般站,10101,3002 ,2600.9 ,2602.4 
56272 ,四川,郫县,一般站,10353,3049 ,558.5 ,560.0 
56273 ,四川,宝兴,一般站,10249,3023,1022.0 ,1023.2 
56276 ,四川,新津,一般站,10349,3027 ,467.0 ,468.5 
56278 ,四川,天全,一般站,10246,3004 ,755.8,757
56279 ,四川,芦山,一般站,10257,3010 ,744.1 ,745.3 
56280 ,四川,名山,一般站,10307,3005 ,691.3 ,692.4 
56281 ,四川,蒲江,一般站,10330,3011 ,510.8 ,512.0 
56284 ,四川,邛崃,一般站,10326,3027 ,518.5 ,520.0 
56285 ,四川,大邑,一般站,10328,3034 ,544.7 ,546.2 
56286 ,四川,龙泉驿,一般站,10416,3037 ,505.3 ,506.3 
56288 ,四川,双流,一般站,10355,3035 ,494.6 ,496.1 
56289 ,四川,彭山,一般站,10352,3012 ,437.0 ,438.2 
56290 ,四川,新都,一般站,10411,3047 ,514.5 ,516.0 
56296 ,四川,金堂,一般站,10426,3049 ,493.5 ,495.0 
56297 ,四川,仁寿,一般站,10409,3001 ,436.5 ,438.0 
56298 ,四川,资阳,一般站,10436,3008 ,417.0 ,418.5 
56312 ,西藏,林芝,基准站,9420,2940 ,2991.8 ,2993.0 
56317 ,西藏,米林,一般站,9413,2913 ,2950.0 ,2951.2 
56331 ,西藏,左贡,基本站,9750,2940 ,3780.0 ,3781.2 
56357 ,四川,稻城,基准站,10018,2903 ,3727.7 ,3728.6 
56371 ,四川,泸定,一般站,10213,2953 ,1403.2 ,1404.7 
56373 ,四川,荥经,一般站,10251,2947 ,797.5 ,799.0 
56374 ,四川,康定,基准站,10158,3003 ,2615.7 ,2616.7 
56376 ,四川,汉源,一般站,10238 ,2920 ,1098.0 ,1098.9
56378 ,四川,石棉,一般站,10221,2914 ,890.7 ,891.9 
56380 ,四川,洪雅,一般站,10321,2953 ,571.2 ,572.2 
56381 ,四川,丹棱,一般站,10330,3004 ,630.2 ,631.2 
56382 ,四川,夹江,一般站,10333,2945 ,475.0 ,476.2 
56383 ,四川,青神,一般站,10352,2950 ,455.2 ,456.2 
56384 ,四川,峨眉,一般站,10329,2936 ,446.7 ,447.9 
56385 ,四川,峨眉山,基准站,10320,2931 ,3069.9 ,3070.8 
56386 ,四川,乐山,基准站,10345,2934 ,424.2 ,425.2 
56387 ,四川,峨边,一般站,10316,2914,642.2 ,643.4 
56389 ,四川,犍为,一般站,10357,2912 ,387.6 ,388.8 
56390 ,四川,井研,一般站,10404,2940 ,404.4 ,405.4 
56391 ,四川,眉山,一般站,10349,3005 ,415.4 ,416.9 
56393 ,四川,资中,一般站,10451,2946 ,369.4 ,370.4 
56394 ,四川,荣县,一般站,10426,2927 ,384.1 ,385.3 
56395 ,四川,威远,一般站,10440,2931 ,351.1 ,352.3 
56396 ,四川,自贡,一般站,10446,2921 ,352.6 ,353.8 
56399 ,四川,富顺,一般站,10459,2911 ,306.2 ,307.4 
56434 ,西藏,察隅,基准站,9728,2840 ,2366.0 ,2367.2 
56441 ,四川,得荣,一般站,9917,2843 ,2422.9 ,2424.4 
56443 ,四川,乡城,一般站,9948,2856 ,2842.0 ,2843.3 
56444 ,云南,德钦,基本站,9855,2829 ,3319.0 ,3320.0 
56459 ,四川,木里,基本站,10116,2756 ,2426.5 ,2427.5 
56462 ,四川,九龙,基本站,10130,2900 ,2925.0 ,2926.0 
56473 ,四川,甘洛,一般站,10246,2857 ,1060.3 ,1061.5 
56474 ,四川,冕宁,一般站,10210,2833 ,1774.0 ,1775.2 
56475 ,四川,越西,基准站,10231,2839 ,1659.5 ,1660.1 
56478 ,四川,喜德,一般站,10226,2818 ,1818.1 ,1819.3 
56479 ,四川,昭觉,基本站,10251,2800 ,2132.4 ,2133.7 
56480 ,四川,马边,一般站,10332,2849 ,564.1 ,565.2 
56483 ,云南,绥江,一般站,10357,2835,496.6 ,497.5 
56485 ,四川,雷波,基本站,10335,2816 ,1255.8 ,1256.8 
56487 ,四川,美姑,一般站,10308,2820 ,1943.9 ,1945.1 
56489 ,云南,永善,一般站,10337,2814 ,975.6 ,977.0 
56490 ,四川,沐川,一般站,10354,2857 ,424.0 ,425.0 
56491 ,四川,宜宾县,一般站,10434,2842 ,287.0 ,288.5 
56492 ,四川,宜宾,基本站,10436,2848 ,340.8 ,342.3 
56493 ,四川,南溪,一般站,10458,2851 ,292.8 ,294.3 
56494 ,四川,屏山,一般站,10420,2850 ,386.5 ,387.5 
56496 ,四川,兴文,一般站,10514,2818 ,399.4 ,400.3 
56497 ,云南,盐津,一般站,10414,2806 ,448.8 ,450.5 
56498 ,四川,筠连,一般站,10430,2809 ,549.0 ,550.0 
56499 ,四川,珙县,一般站,10447,2823 ,368.2 ,369.7 
56533 ,云南,贡山,基本站,9840,2745 ,1583.3 ,1587.7 
56543 ,云南,香格里拉,基本站,9945,2751 ,3341.5 ,3342.5 
56548 ,云南,维西,基本站,9917,2710 ,2326.1 ,2327.2 
56565 ,四川,盐源,基本站,10129,2726 ,2516.8 ,2517.4 
56567 ,云南,宁蒗,一般站,10051,2715 ,2367.2 ,2368.7 
56569 ,四川,德昌,一般站,10211,2725 ,1380.0 ,1381.2 
56571 ,四川,西昌,基本站,10216,2754 ,1590.9 ,1592.1 
56575 ,四川,普格,一般站,10233,2722 ,1530.7 ,1532.2 
56578 ,四川,宁南,一般站,10245,2704 ,993.6 ,994.8 
56580 ,四川,布拖,一般站,10248,2743 ,2460.0 ,2461.5 
56582 ,云南,大关,一般站,10354,2745 ,1176.2 ,1177.0 
56584 ,四川,金阳,一般站,10315,2742 ,1093.0 ,1093.7 
56585 ,云南,鲁甸,一般站,10333,2712 ,1952.2 ,1953.1 
56586 ,云南,昭通,基本站,10343,2721 ,1949.5 ,1950.7 
56592 ,四川,高县,一般站,10431,2826 ,359.7 ,360.6 
56593 ,四川,长宁,一般站,10455,2835 ,279.1 ,280.0 
56594 ,云南,彝良,一般站,10404,2738 ,1035.0 ,1036.5 
56595 ,云南,镇雄,一般站,10452,2725,1645.2 ,1646.4 
56596 ,云南,威信,一般站,10503,2751 ,1177.2 ,1176.5 
56598 ,贵州,赫章,一般站,10444,2708 ,1535.1 ,1536.3 
56641 ,云南,福贡,一般站,9852,2654 ,1189.7 ,1191.5 
56643 ,云南,六库,基本站,9851,2552 ,949.9 ,950.6 
56645 ,云南,兰坪,一般站,9925,2625 ,2344.9 ,2345.9 
56646 ,云南,剑川,一般站,9955,2632 ,2191.4 ,2192.9 
56649 ,云南,洱源,一般站,9958,2606,2059.9 ,2060.9 
56651 ,云南,丽江,基准站,10013,2651,2380.9 ,2382.1 
56652 ,云南,永胜,一般站,10045,2641 ,2130.5 ,2131.0 
56654 ,云南,鹤庆,一般站,10011,2635 ,2195.4 ,2196.9 
56664 ,云南,华坪,基本站,10116,2638 ,1230.8 ,1231.9 
56665,四川,盐边,一般站,10151 ,2641 ,1140.3 ,1141.5 
56666,四川,攀枝花,基本站,10143 ,2634 ,1224.8 ,1225.9 
56669 ,云南,永仁,一般站,10140,2602 ,1589.4 ,1590.9 
56670,四川,米易,一般站,10207 ,2655 ,1136.9 ,1138.3 
56671 ,四川,会理,基准站,10215,2639 ,1787.3 ,1788.6 
56673 ,云南,巧家,一般站,10255,2655 ,893.9 ,895.4 
56674,四川,仁和,一般站,10144 ,2630 ,1108.0 ,1109.5 
56675 ,四川,会东,一般站,10235,2639 ,1694.5 ,1695.7 
56684,云南,会泽,基本站,10315,2624,2188.3 ,2189.3 
56688 ,云南,东川,一般站,10310,2606 ,1254.1 ,1253.4 
56691 ,贵州,威宁,基准站,10417,2652 ,2237.5 ,2238.6 
56697 ,云南,宣威,一般站,10405,2613 ,1984.2 ,1985.7 
56739,云南,腾冲,基准站,9830,2459,1695.9 ,1696.9 
56742 ,云南,云龙,一般站,9922,2553 ,1723.9 ,1725.4 
56745 ,云南,漾濞,一般站,9957,2541 ,1626.1 ,1627.2 
56746 ,云南,永平,一般站,9931,2528 ,1616.7 ,1618.2 
56748 ,云南,保山,基本站,9911,2507 ,1652.2 ,1653.2 
56751 ,云南,大理,基准站,10011,2542 ,1977.7 ,1978.9 
56752 ,云南,宾川,一般站,10034,2550 ,1438.7 ,1440.2 
56755 ,云南,弥渡,一般站,10024,2523 ,1711.7 ,1712.7 
56757 ,云南,巍山,一般站,10017,2516 ,1742.1 ,1743.6 
56761 ,云南,大姚,一般站,10119,2543 ,1878.1 ,1879.3 
56764 ,云南,姚安,一般站,10114,2532 ,1873.5 ,1874.9 
56766 ,云南,牟定,一般站,10131,2518 ,1822.0 ,1823.4 
56767 ,云南,南华,一般站,10116,2512 ,1905.4 ,1906.9 
56772 ,云南,富民,一般站,10230,2514 ,1692.7 ,1694.4 
56774 ,云南,武定,一般站,10215,2519 ,1800.2 ,1801.7 
56777 ,云南,禄丰,一般站,10206,2507 ,1671.4 ,1672.6 
56778 ,云南,昆明,基准站,10239,2500 ,1888.1 ,1889.1 
56782 ,云南,马龙,一般站,10333,2525 ,2067.1 ,2068.6 
56783 ,云南,曲靖,一般站,10348,2530 ,1906.2 ,1907.7 
56785 ,云南,嵩明,一般站,10305,2521 ,1915.7 ,1916.7 
56790 ,云南,富源,一般站,10415,2541,1925.8 ,1927.0 
56792 ,贵州,普安,基本站,10458,2547 ,1649.4 ,1650.4 
56793 ,贵州,盘县,基本站,10428,2543,1800.0 ,1800.9 
56835 ,云南,陇川,一般站,9747,2410 ,959.1 ,960.5 
56836 ,云南,盈江,一般站,9757,2442 ,826.7 ,828.1 
56839 ,云南,镇康,一般站,9849,2346 ,995.3 ,994.5 
56840 ,云南,粱河,一般站,9818,2449 ,1012.9 ,1013.7 
56841 ,云南,龙陵,一般站,9841,2436 ,1528.0 ,1527.6 
56842 ,云南,施甸,一般站,9911,2444 ,1471.2 ,1473.4 
56843 ,云南,昌宁,一般站,9937,2450 ,1650.6 ,1650.2 
56844 ,云南,芒市,一般站,9835,2426 ,913.8 ,915.0 
56846 ,云南,凤庆,一般站,9956,2435 ,1569.0 ,1569.8 
56849 ,云南,永德,一般站,9914,2402 ,1606.2 ,1607.2 
56851 ,云南,南涧,一般站,10031,2502,1377.2 ,1378.3 
56854 ,云南,云县,一般站,10008,2427 ,1108.6 ,1108.1 
56856 ,云南,景东,基本站,10052,2428 ,1162.3 ,1163.2 
56862 ,云南,双柏,一般站,10136,2441 ,1968.1 ,1969.3 
56863 ,云南,安宁,一般站,10230,2455 ,1893.4 ,1894.6 
56867 ,云南,镇沅,一般站,10107,2359 ,1105.4 ,1106.9 
56869 ,云南,新平,一般站,10158,2404 ,1497.5 ,1499.0 
56870,云南,易门,一般站,10211,2439,1600.9 ,1601.9 
56871 ,云南,晋宁,一般站,10234,2441 ,1979.2 ,1980.7 
56873 ,云南,澄江,一般站,10255,2441 ,1796.3 ,1797.4 
56875 ,云南,玉溪,基本站,10233,2420 ,1716.9 ,1718.0 
56876 ,云南,江川,一般站,10246,2417 ,1731.1 ,1732.5 
56878 ,云南,通海,一般站,10245,2408 ,1801.8 ,1802.9 
56879 ,云南,华宁,一般站,10255,2411 ,1702.6 ,1703.7 
56880 ,云南,宜良,一般站,10310,2455 ,1532.5 ,1532.9 
56881 ,云南,石林,一般站,10316,2445,1695.8 ,1697.3 
56882 ,云南,呈贡,一般站,10249,2454 ,1976.6 ,1977.8 
56883 ,云南,师宗,一般站,10359,2449 ,1900.9 ,1902.4 
56885 ,云南,弥勒,一般站,10327,2424 ,1415.5 ,1417.0 
56886 ,云南,泸西,基本站,10346,2432 ,1704.3 ,1705.5 
56889 ,云南,丘北,一般站,10410,2403 ,1518.7 ,1519.7 
56891 ,云南,罗平,一般站,10419,2459 ,1482.7 ,1484.2 
56898 ,云南,峨山,一般站,10224,2411 ,1600.0 ,1601.2 
56944 ,云南,沧源,一般站,9916,2309 ,1278.3 ,1280.7 
56946 ,云南,耿马,基本站,9924,2333 ,1104.9 ,1104.8 
56948 ,云南,西盟,一般站,9936,2238 ,1155.0 ,1156.4 
56949 ,云南,孟连,一般站,9936,2219 ,1079.9 ,1081.3 
56950 ,云南,双江,基准站,9948,2328 ,1044.1 ,1044.0 
56951 ,云南,临沧,基本站,10005,2353 ,1502.4 ,1502.6 
56952 ,云南,景谷,一般站,10043,2330 ,979.2 ,980.7 
56954 ,云南,澜沧,基本站,9956,2234 ,1054.8 ,1055.7 
56958 ,云南,勐海,一般站,10028,2158 ,1222.8 ,1224.0 
56962 ,云南,墨江,一般站,10140,2325,1314.6 ,1316.0 
56964 ,云南,思茅,基本站,10058,2247 ,1302.1 ,1303.3 
56966 ,云南,元江,基准站,10159,2336 ,400.9 ,402.0 
56969 ,云南,勐腊,基准站,10134,2128,633.4 ,634.4 
56970 ,云南,石屏,一般站,10229,2342 ,1419.3 ,1420.8 
56975 ,云南,红河,一般站,10226,2322 ,974.5 ,976.0 
56976 ,云南,元阳,一般站,10251,2313 ,312.3 ,313.5 
56977 ,云南,江城,基本站,10151,2235 ,1120.5 ,1121.4 
56978 ,云南,绿春,一般站,10225,2300 ,1642.8 ,1644.3 
56982 ,云南,开远,一般站,10317,2342 ,1117.0 ,1118.5 
56984 ,云南,个旧,一般站,10309,2323 ,1720.5 ,1717.7 
56987 ,云南,金平,一般站,10314,2247 ,1260.0 ,1261.5 
56991 ,云南,砚山,基本站,10420,2337 ,1561.1 ,1562.1 
56992 ,云南,西畴,一般站,10442,2327 ,1507.5 ,1509.1 
56994 ,云南,文山,一般站,10417,2320 ,1293.5 ,1294.6 
56995 ,云南,马关,一般站,10425,2302 ,1332.9 ,1334.0 
57001,甘肃,甘谷,一般站,10520,3445,1271.9 ,1273.6 
57002,甘肃,秦安,一般站,10539,3451,1216.1 ,1217.8 
57003 ,陕西,陇县,基本站,10650,3454 ,924.2 ,925.2 
57004,甘肃,武山,一般站,10453,3444,1495.4 ,1497.1 
57006,甘肃,天水,一般站,10545,3434,1149.8 ,1151.3 
57007,甘肃,礼县,一般站,10511,3411,1404.6 ,1406.2 
57008,甘肃,西和,一般站,10518,3402,1579.0 ,1580.7 
57011,甘肃,清水,一般站,10609,3445,1378.2 ,1379.9 
57012,甘肃,张家川,一般站,10612,3459,1664.5 ,1666.1 
57014,甘肃,麦积,基本站,10552,3434,1085.2 ,1086.7 
57016 ,陕西,宝鸡,一般站,10708,3421 ,612.4 ,613.6 
57020 ,陕西,陈仓,一般站,10724,3422 ,563.0 ,564.2 
57021 ,陕西,千阳,一般站,10708,3439 ,751.6 ,752.6 
57022 ,陕西,麟游,一般站,10747,3441 ,1026.3 ,1027.5 
57023,陕西,彬县,一般站,10807 ,3501 ,919.9 ,920.6 
57024 ,陕西,岐山,一般站,10739,3427 ,669.6 ,670.8 
57025 ,陕西,凤翔,基本站,10723,3431 ,781.1 ,782.1 
57026 ,陕西,扶风,一般站,10753,3422 ,585.9 ,587.1 
57027 ,陕西,眉县,一般站,10744,3418 ,490.8 ,492.0 
57028 ,陕西,太白,基本站,10719,3402 ,1543.6 ,1544.6 
57029 ,陕西,礼泉,一般站,10829,3430 ,543.2 ,544.4 
57030 ,陕西,永寿,基本站,10809,3442 ,994.6 ,995.4 
57031 ,陕西,淳化,一般站,10833,3449 ,1012.7 ,1013.5 
57033 ,陕西,泾阳,一般站,10849,3433 ,428.1 ,429.0 
57034 ,陕西,武功,基本站,10814,3419,471.0 ,471.6 
57035 ,陕西,乾县,一般站,10814,3433 ,636.8 ,636.7 
57037 ,陕西,耀州,基本站,10859,3456 ,710.0 ,711.8 
57038 ,陕西,兴平,一般站,10827,3417 ,410.9 ,411.5 
57041 ,陕西,三原,一般站,10855,3438 ,424.0 ,425.5 
57042 ,陕西,富平,一般站,10911,3447 ,470.9 ,472.3 
57043 ,陕西,大荔,一般站,10958,3448 ,351.4 ,352.6 
57045 ,陕西,渭南,一般站,10930,3424 ,640.8 ,642.1 
57046 ,陕西,华山,基准站,11005,3429 ,2064.9 ,2065.9 
57048 ,陕西,秦都,基本站,10843,3424 ,472.8 ,473.4 
57051 ,河南,三门峡,基本站,11112 ,3448 ,409.9 ,410.9 
57052 ,山西,永济,基本站,11027,3453 ,354.1 ,355.1 
57053 ,山西,芮城,一般站,11043,3442 ,505.7 ,507.2 
57054 ,陕西,潼关,一般站,11014,3433 ,556.3 ,557.3 
57055 ,陕西,华阴,一般站,11008,3436 ,342.1 ,343.1 
57056 ,河南,灵宝,一般站,11051 ,3432 ,484.5 ,485.5 
57057 ,陕西,洛南,一般站,11009,3406 ,963.4 ,964.2 
57060 ,山西,夏县,一般站,11114,3510 ,402.9 ,404.3 
57061 ,山西,平陆,一般站,11112,3450 ,410.7 ,412.6 
57063 ,河南,渑池,一般站,11146 ,3446 ,523.6 ,523.6 
57066 ,河南,洛宁,一般站,11140 ,3424 ,408.2 ,408.7 
57070 ,河南,新安,一般站,11207 ,3444 ,364.0 ,365.0 
57071 ,河南,孟津,基本站,11228 ,3448 ,329.1 ,329.8 
57072 ,河南,孟州,一般站,11245 ,3455 ,127.5 ,128.5 
57074 ,河南,伊川,一般站,11224 ,3425 ,252.2 ,253.2 
57075 ,河南,汝州,一般站,11252 ,3410 ,203.1 ,204.3 
57076 ,河南,偃师,一般站,11247 ,3444 ,189.5 ,190.1 
57078 ,河南,汝阳,一般站,11228 ,3409 ,336.5 ,337.5 
57079 ,河南,温县,一般站,11302 ,3457 ,106.4 ,106.9 
57080 ,河南,巩义,一般站,11258 ,3444 ,165.2 ,166.1 
57081 ,河南,荥阳,一般站,11326 ,3448 ,140.9 ,141.9 
57082 ,河南,登封,一般站,11301 ,3428 ,427.1 ,428.4 
57083 ,河南,郑州,基本站,11339 ,3443 ,110.4 ,111.6 
57084 ,河南,嵩山,基准站,11303 ,3430 ,1178.4 ,1179.5 
57085 ,河南,新密,一般站,11320 ,3432 ,259.9 ,260.9 
57086 ,河南,新郑,一般站,11343 ,3423 ,116.6 ,117.6 
57087 ,河南,长葛,一般站,11344 ,3416 ,104.1 ,105.0 
57088 ,河南,禹州,一般站,11330 ,3411 ,146.0 ,146.5 
57089 ,河南,许昌,基本站,11356 ,3404 ,67.2 ,68.2 
57090 ,河南,中牟,一般站,11358 ,3443 ,78.1 ,80.2 
57091 ,河南,开封,基本站,11418 ,3447 ,73.7 ,74.8 
57093 ,河南,兰考,一般站,11449 ,3451 ,73.3 ,74.9 
57094 ,河南,尉氏,一般站,11413 ,3424 ,67.4 ,68.5 
57095 ,河南,鄢陵,一般站,11409 ,3407 ,61.1 ,62.2 
57096 ,河南,杞县,一般站,11447 ,3432 ,59.7 ,60.7 
57098 ,河南,扶沟,一般站,11424 ,3405 ,58.3 ,59.3 
57099 ,河南,太康,一般站,11451 ,3404 ,52.6 ,53.6 
57102,甘肃,成县,一般站,10543,3345,970.0 ,971.6 
57105,甘肃,康县,一般站,10536,3320,1221.2 ,1222.8 
57106 ,陕西,略阳,基准站,10609,3319 ,794.2 ,794.9 
57110,甘肃,徽县,一般站,10605,3347,930.8 ,932.4 
57111,甘肃,两当,一般站,10618,3355,961.4 ,962.8 
57113 ,陕西,凤县,一般站,10633,3356 ,984.0 ,985.0 
57119 ,陕西,勉县,一般站,10642,3310 ,548.1 ,549.5 
57123 ,陕西,杨凌,一般站,10804,3417 ,506.0 ,506.8 
57124 ,陕西,留坝,基本站,10656,3338 ,1032.1 ,1033.3 
57127 ,陕西,汉中,基本站,10702,3304 ,509.5 ,510.7 
57128 ,陕西,城固,一般站,10720,3310 ,486.4 ,487.8 
57131 ,陕西,泾河,基本站,10858,3426 ,410.0 ,411.0 
57134 ,陕西,佛坪,基本站,10759,3331 ,827.2 ,827.9 
57137 ,陕西,宁陕,一般站,10819,3319 ,802.4 ,802.0 
57140 ,陕西,柞水,基准站,10907,3340 ,818.2 ,819.4 
57143 ,陕西,商州,基本站,10958,3352 ,742.2 ,743.0 
57144 ,陕西,镇安,基本站,10909,3326 ,693.7 ,694.9 
57153 ,陕西,丹凤,一般站,11020,3342 ,639.0 ,639.8 
57154 ,陕西,商南,基本站,11054,3332 ,523.0 ,523.8 
57155 ,陕西,山阳,一般站,10955,3332 ,813.2 ,814.6 
57156 ,河南,西峡,基本站,11130 ,3318 ,250.3 ,251.3 
57162 ,河南,嵩县,一般站,11204 ,3408 ,440.7 ,442.2 
57169 ,河南,内乡,一般站,11153 ,3309 ,221.2 ,222.3 
57173 ,河南,鲁山,一般站,11253 ,3345 ,145.7 ,146.8 
57175 ,河南,镇平,一般站,11215,3305 ,234.0 ,235.0 
57176 ,河南,南召,一般站,11225 ,3329 ,231.1 ,232.3 
57177 ,河南,舞钢,一般站,11332 ,3320 ,89.8 ,90.8 
57178 ,河南,南阳,基本站,11229 ,3306 ,180.6 ,181.6 
57179 ,河南,方城,一般站,11300 ,3317 ,160.4 ,161.6 
57180 ,河南,郏县,一般站,11312 ,3359 ,117.5 ,118.6 
57181 ,河南,宝丰,基准站,11303 ,3353 ,136.4 ,137.4 
57182 ,河南,襄城,一般站,11331 ,3351 ,80.4 ,81.4 
57183 ,河南,临颍,一般站,11355 ,3348 ,60.0 ,61.2 
57184 ,河南,叶县,一般站,11318 ,3338 ,97.5 ,98.5 
57185 ,河南,舞阳,一般站,11335 ,3327 ,91.1 ,92.3 
57186 ,河南,漯河,一般站,11403 ,3336 ,58.7 ,59.8 
57187 ,河南,社旗,一般站,11258 ,3302 ,116.8 ,117.8 
57188 ,河南,西平,一般站,11402 ,3322 ,55.9 ,56.8 
57189 ,河南,遂平,一般站,11357 ,3308 ,64.6 ,65.5 
57190 ,河南,黄泛区,一般站,11424 ,3345 ,50.5 ,51.6 
57191 ,河南,通许,一般站,11428 ,3431 ,64.2 ,65.1 
57192 ,河南,淮阳,一般站,11451 ,3344 ,45.5 ,46.6 
57193 ,河南,西华,基本站,11431 ,3347 ,52.6 ,53.6 
57194 ,河南,上蔡,一般站,11418 ,3316 ,53.4 ,54.4 
57195 ,河南,川汇区,一般站,11437 ,3337 ,46.6 ,47.6 
57196 ,河南,项城,一般站,11452 ,3325 ,43.6 ,44.6 
57197 ,河南,汝南,一般站,11421 ,3258 ,50.1 ,51.1 
57198 ,河南,商水,一般站,11434 ,3330 ,44.6 ,45.6 
57204 ,四川,青川,一般站,10513,3234 ,782.0 ,783.0 
57206 ,四川,广元,基本站,10554,3225 ,545.4 ,546.4 
57208 ,四川,剑阁,一般站,10531,3217,544.5 ,545.4 
57211 ,陕西,宁强,基本站,10615,3250 ,836.1 ,837.1 
57213 ,陕西,南郑,一般站,10656,3300 ,536.5 ,537.5 
57216 ,四川,南江,一般站,10650,3221 ,579.3 ,580.5 
57217 ,四川,旺苍,一般站,10617,3214 ,485.7 ,486.9 
57231 ,陕西,紫阳,一般站,10832,3232 ,503.8 ,505.0 
57232 ,陕西,石泉,基本站,10816,3303 ,484.9 ,485.9 
57233 ,陕西,汉阴,一般站,10830,3254 ,413.1 ,414.3 
57237,四川,万源,基准站,10802 ,3204 ,674.0 ,675.0 
57238 ,陕西,镇巴,基本站,10754,3231 ,892.2 ,893.6 
57242 ,陕西,旬阳,一般站,10922,3251 ,285.5 ,286.5 
57245 ,陕西,安康,基本站,10902,3243 ,290.8 ,291.7 
57247 ,陕西,岚皋,一般站,10854,3219 ,438.5 ,439.5 
57248 ,陕西,平利,一般站,10920,3224 ,570.3 ,571.2 
57249,湖北,竹溪,一般站,10941,3219,448.2 ,449.6 
57251,湖北,郧西,基准站,11024,3300,317.3 ,318.1 
57253,湖北,郧阳,一般站,11052,3250,244.8 ,245.6 
57254 ,陕西,白河,一般站,11007,3249 ,322.5 ,323.6 
57256,湖北,十堰,基本站,11047,3239,286.5 ,287.3 
57257,湖北,竹山,一般站,11014,3214,307.0 ,308.4 
57259,湖北,房县,基本站,11045,3203,426.9 ,427.9 
57260,湖北,丹江口,一般站,11131,3234,133.4 ,134.8 
57261 ,河南,淅川,一般站,11131 ,3307 ,233.0 ,234.5 
57265,湖北,老河口,基本站,11144,3226,132.1 ,133.1 
57268,湖北,谷城,一般站,11137,3216,120.0 ,121.0 
57271 ,河南,新野,一般站,11223 ,3231 ,87.7 ,88.7 
57273 ,河南,唐河,一般站,11248 ,3244 ,96.7 ,97.7 
57274 ,河南,邓州,一般站,11159 ,3242 ,120.0 ,121.4 
57278,湖北,襄阳,基本站,11205,3200,163.4 ,164.4 
57279,湖北,枣阳,基本站,11245,3209,125.5 ,127.0 
57281 ,河南,泌阳,一般站,11318 ,3242 ,142.2 ,143.1 
57285 ,河南,桐柏,基本站,11325 ,3223 ,153.0 ,154.0 
57290 ,河南,驻马店,基本站,11355 ,3256 ,106.2 ,107.2 
57292 ,河南,平舆,一般站,11437 ,3254 ,44.9 ,45.9 
57293 ,河南,新蔡,一般站,11459 ,3244 ,38.0 ,39.1 
57294 ,河南,确山,一般站,11401 ,3250 ,83.6 ,84.6 
57295 ,河南,正阳,一般站,11421 ,3237 ,78.5 ,79.7 
57296 ,河南,息县,一般站,11444 ,3221 ,48.9 ,50.1 
57297 ,河南,信阳,基本站,11403 ,3208 ,114.5 ,115.4 
57298 ,河南,罗山,一般站,11433 ,3213 ,55.4 ,56.2 
57299 ,河南,光山,一般站,11454 ,3201 ,49.4 ,50.6 
57303 ,四川,苍溪,一般站,10555,3144 ,459.9 ,460.8 
57306 ,四川,阆中,基本站,10559,3135 ,382.6 ,383.5 
57307 ,四川,三台,一般站,10505 ,3106,459.9 ,461.1 
57308 ,四川,盐亭,一般站,10523 ,3113,421.3 ,422.8 
57309 ,四川,西充,一般站,10553,3059 ,378.4 ,379.9 
57313 ,四川,巴中,基本站,10646,3152 ,417.7 ,419.0 
57314 ,四川,南部,基准站,10604,3121 ,405.7 ,406.9 
57315 ,四川,仪陇,一般站,10624,3131 ,655.7 ,657.2 
57317 ,四川,蓬安,一般站,10625,3102 ,324.9 ,326.4 
57318 ,四川,营山,一般站,10634,3105 ,338.5 ,340.0 
57320 ,四川,通江,一般站,10713,3156 ,482.4 ,483.5 
57324 ,四川,平昌,一般站,10705,3135 ,364.2 ,365.1 
57326 ,四川,宣汉,一般站,10743 ,3122 ,389.4 ,390.5 
57328 ,四川,达川,基本站,10730 ,3112 ,344.9 ,345.8 
57329 ,四川,开江,一般站,10751 ,3106 ,467.5 ,468.5 
57333 ,重庆,城口,一般站,10840,3157 ,798.2 ,800.0 
57338 ,重庆,开县,一般站,10825,3111 ,216.5 ,213.2 
57339 ,重庆,云阳,一般站,10841,3057 ,297.2 ,296.4 
57343 ,陕西,镇坪,基本站,10932,3154 ,995.8 ,996.8 
57345 ,重庆,巫溪,一般站,10937,3124 ,337.8 ,339.8 
57348 ,重庆,奉节,基本站,10932,3101 ,299.8 ,300.3 
57349 ,重庆,巫山,一般站,10952,3105 ,606.8 ,607.8 
57355,湖北,巴东,基本站,11022,3102,334.0 ,335.0 
57359,湖北,兴山,基本站,11044,3121,336.8 ,337.8 
57361,湖北,保康,一般站,11116,3153,327.7 ,329.1 
57362,湖北,神农架,一般站,11040,3145,935.2 ,936.7
57363,湖北,南漳,基准站,11150,3148,151.0 ,151.9 
57370,湖北,宜城,一般站,11213,3144,67.8 ,68.8 
57377,湖北,荆门,一般站,11213,3100,191.9 ,193.4
57378,湖北,钟祥,基本站,11238,3112,108.0 ,108.9 
57381,湖北,随州,基本站,11320,3137,116.3 ,117.3 
57386,湖北,孝昌,一般站,11400,3115,51.6 ,53.1 
57387,湖北,京山,一般站,11308,3100,84.6 ,86.0 
57388,湖北,安陆,一般站,11342,3116,53.7 ,54.6
57389,湖北,云梦,一般站,11345,3102,32.2 ,33.7 
57390 ,河南,鸡公山,一般站,11404 ,3148 ,733.5 ,734.7 
57395,湖北,大悟,基本站,11410,3135,120.0 ,120.8 
57396 ,河南,新县,一般站,11451 ,3138 ,128.7 ,129.7 
57398,湖北,红安,一般站,11437,3117,74.3 ,75.3 
57399,湖北,麻城,基本站,11457,3108,74.3 ,75.2 
57401 ,四川,射洪,一般站,10522,3052 ,383.3 ,384.3 
57402 ,四川,蓬溪,一般站,10542,3046 ,394.5 ,395.4 
57405 ,四川,遂宁,基本站,10533,3030 ,355.0 ,356.0 
57407 ,四川,乐至,一般站,10502,3017 ,462.6 ,464.1 
57408 ,四川,安岳,一般站,10519,3007 ,383.6 ,384.8 
57409 ,重庆,潼南,一般站,10548,3011 ,297.7 ,295.8 
57411 ,四川,高坪,基本站,10608,3045 ,347.0 ,347.9 
57413,四川,渠县,一般站,10658 ,3051 ,295.1 ,296.2 
57414 ,四川,岳池,一般站,10627,3031 ,403.7 ,404.9 
57415 ,四川,广安,一般站,10638,3032 ,394.5 ,395.5 
57416 ,四川,邻水,一般站,10656,3020 ,391.5 ,392.5 
57417 ,四川,武胜,一般站,10617,3021 ,315.9 ,317.1 
57420,四川,大竹,一般站,10711 ,3045 ,418.0 ,419.0 
57425 ,重庆,垫江,一般站,10724,3019 ,416.1 ,417.1 
57431 ,重庆,天城,一般站,10821,3050 ,257.0 ,256.8 
57432 ,重庆,万州,基本站,10824,3046 ,186.7 ,188.8 
57437 ,重庆,忠县,一般站,10802,3018 ,325.6 ,326.3 
57438 ,重庆,石柱,一般站,10807,2959 ,632.3 ,630.3 
57439,湖北,利川,基本站,10856,3017,1074.1 ,1075.1
57445,湖北,建始,基本站,10943,3036,609.2 ,610.2
57447,湖北,恩施,基准站,10928,3017,457.1 ,458.0 
57453,湖北,夷陵区,一般站,11119,3046,115.2 ,116.4 
57458,湖北,五峰,基本站,11040,3012,619.9 ,620.7 
57461,湖北,宜昌,基本站,11122,3044,256.5 ,257.5 
57464,湖北,长阳,一般站,11111,3028,177.9 ,178.9 
57465,湖北,宜都,一般站,11126,3022,120.1 ,121.1 
57469,湖北,松滋,一般站,11146,3011,69.5 ,71
57475,湖北,潜江,一般站,11254,3024,31.2 ,32.2
57476,湖北,荆州,基本站,11209,3021,31.8 ,32.8
57477,湖北,公安,一般站,11213,3004,38.4 ,39.3 
57481,湖北,应城,一般站,11334,3057,30.4 ,31.9 
57482,湖北,孝感,基准站,11357,3054,25.5 ,26.3 
57483,湖北,天门,基本站,11308,3040,31.9 ,32.8 
57484,湖北,沙洋,一般站,11233,3044,57.2 ,58.3 
57485,湖北,仙桃,一般站,11329,3018,23.7 ,24.9 
57486,湖北,汉川,一般站,11351,3039,25.0 ,26.0 
57489,湖北,蔡甸,一般站,11400,3031,23.6 ,24.9 
57492,湖北,新洲,一般站,11450,3050,40.7 ,41.6 
57494,湖北,武汉,基本站,11403,3036,23.6 ,24.6 
57495,湖北,团风,一般站,11453,3040,28.1 ,29.6 
57496,湖北,鄂州,一般站,11437,3015,35.3 ,36.5 
57498,湖北,黄冈,一般站,11456,3031,26.2 ,26.9 
57499,湖北,大冶,一般站,11453,3004,40.3 ,41.5
57502 ,重庆,大足,基本站,10542,2942 ,394.7 ,395.3 
57503 ,四川,东兴区,基本站,10507,2937 ,349.7 ,351.0 
57505 ,重庆,荣昌,一般站,10535,2925 ,338.0 ,324.0 
57506 ,重庆,永川,一般站,10554,2922 ,353.0 ,351.8 
57507 ,四川,隆昌,一般站,10518,2920,385.7 ,386.9 
57508 ,四川,泸县,一般站,10522,2909 ,301.0 ,301.9 
57509 ,重庆,万盛,一般站,10655,2859 ,599.8 ,600.8 
57510 ,重庆,铜梁,一般站,10604,2951 ,326.3 ,327.5 
57511 ,重庆,北碚,一般站,10627,2951 ,240.8 ,242.9 
57512 ,重庆,合川,基本站,10616,2958 ,364.5 ,365.5 
57513 ,重庆,渝北,一般站,10637,2944 ,464.7 ,465.5 
57514 ,重庆,璧山,一般站,10613,2935 ,331.5 ,325.0 
57516 ,重庆,沙坪坝,基本站,10628,2935 ,259.1 ,259.6 
57517 ,重庆,江津,基本站,10615,2917 ,261.4 ,256.3 
57518 ,重庆,巴南,一般站,10630,2920 ,506.1 ,506.9 
57519 ,重庆,南川,一般站,10707,2910 ,698.8 ,699.8 
57520 ,重庆,长寿,基本站,10704,2950 ,377.6 ,382.8 
57523 ,重庆,丰都,基本站,10744,2951 ,290.5 ,290.4 
57525 ,重庆,武隆,一般站,10745,2919 ,406.9 ,408.1 
57536 ,重庆,黔江,基本站,10846,2931 ,786.9 ,787.9 
57537 ,重庆,彭水,一般站,10810,2918 ,322.2 ,321.3 
57540,湖北,咸丰,一般站,10909,2941,776.9 ,777.9
57541,湖北,宣恩,一般站,10929,3000,532.5 ,533.4
57543,湖北,鹤峰,一般站,11002,2954,539.8 ,540.8 
57544 ,湖南,龙山,一般站,10927,2928 ,488.7 ,489.7 
57545,湖北,来凤,基本站,10925,2932,502.8 ,503.8 
57554 ,湖南,桑植,基本站,11010,2924 ,322.2 ,320.9 
57558 ,湖南,张家界,一般站,11028,2908 ,183.5 ,184.5 
57562 ,湖南,石门,基准站,11122,2935 ,116.9 ,117.9 
57564 ,湖南,慈利,一般站,11108,2926 ,103.0 ,104.0 
57565 ,湖南,澧县,一般站,11143,2940,38.1 ,39.2 
57566 ,湖南,临澧,一般站,11139,2927 ,51.5 ,52.5 
57571,湖北,石首,一般站,11225,2940,37.4 ,38.4 
57573,湖北,监利,基本站,11254,2950,30.0 ,35.1 
57574 ,湖南,南县,基本站,11224 ,2922 ,36.0 ,37.1 
57575 ,湖南,华容,一般站,11233,2931 ,31.0 ,32.1 
57577 ,湖南,安乡,一般站,11210,2924,36.9 ,37.9 
57581,湖北,洪湖,基本站,11327,2949,27.4 ,28.4 
57582,湖北,赤壁,一般站,11353,2943,46.9 ,48.4 
57583,湖北,嘉鱼,基本站,11358,2955,61.7 ,62.6 
57584 ,湖南,岳阳,基本站,11305,2923 ,53.0 ,54.0 
57585 ,湖南,临湘,一般站,11327,2929 ,60.4 ,61.6 
57586,湖北,崇阳,一般站,11402,2932,78.5 ,80
57589,湖北,通城,一般站,11353,2916,146.2 ,147.2 
57590,湖北,咸宁,一般站,11422,2951,98.8 ,100.3 
57596,湖北,金沙,一般站,11412,2938,751.4 ,752.3 
57598 ,江西,修水,基本站,11435,2902 ,146.8 ,147.9 
57600 ,四川,江安,一般站,10504,2843,420.9 ,421.8 
57603 ,四川,合江,一般站,10550,2849 ,283.4 ,284.3 
57606 ,贵州,桐梓,基准站,10650,2808 ,972.0 ,972.7 
57608 ,四川,叙永,基本站,10526,2810 ,377.5 ,378.7 
57612 ,重庆,綦江,基本站,10639,2900 ,474.7 ,475.9 
57623 ,贵州,道真,一般站,10736,2853 ,685.6 ,686.3 
57625 ,贵州,正安,基本站,10728,2832 ,816.4 ,817.2 
57633 ,重庆,酉阳,基准站,10846,2849 ,826.5 ,827.7 
57634 ,贵州,务川,一般站,10753,2831 ,660.3 ,661.2 
57635 ,重庆,秀山,一般站,10901,2822 ,548.7 ,550.2 
57636 ,贵州,沿河,一般站,10830,2834 ,334.6 ,335.4 
57637,贵州,德江,一般站,10806,2815,629.5 ,630.5 
57640 ,湖南,花垣,一般站,10927,2835 ,341.0 ,342.0 
57642 ,湖南,保靖,基本站,10939,2842 ,325.3 ,326.9 
57643 ,湖南,永顺,一般站,10950,2900 ,268.2 ,269.2 
57646 ,湖南,古丈,一般站,10957,2837 ,302.1 ,303.1 
57647 ,贵州,松桃,基本站,10911,2809 ,406.1 ,407.1 
57649 ,湖南,吉首,基准站,10941 ,2814,254.6 ,255.6 
57655 ,湖南,沅陵,基本站,11024,2828 ,151.6 ,152.7 
57657 ,湖南,泸溪,一般站,11012,2813,186.0 ,187.1 
57658 ,湖南,辰溪,一般站,11012,2800 ,152.8 ,153.8 
57661 ,湖南,桃源,一般站,11129,2855 ,48.7 ,49.7 
57662 ,湖南,常德,基本站,11141,2907,150.6 ,151.4 
57663 ,湖南,汉寿,一般站,11157,2855,31.9 ,32.9 
57666 ,湖南,桃江,一般站,11208,2831 ,136.9 ,138.1 
57669 ,湖南,安化,基本站,11113 ,2823 ,128.3 ,129.4 
57671 ,湖南,沅江,基本站,11222 ,2851 ,37.0 ,38.5 
57673 ,湖南,湘阴,基本站,11253,2841 ,53.2 ,54.1 
57674 ,湖南,赫山,一般站,11223 ,2834 ,46.3 ,47.8 
57678 ,湖南,宁乡,一般站,11233,2815 ,74.7 ,76.3 
57679,湖南,马坡岭,一般站,11312,2813 ,101.4 ,102.6 
57680 ,湖南,汨罗,一般站,11306,2851 ,82.5 ,83.6 
57682 ,湖南,平江,基本站,11334,2843 ,106.3 ,107.5 
57687 ,湖南,长沙,基本站,11247,2806 ,119.0 ,120.0 
57688 ,湖南,浏阳,一般站,11338,2809,101.1 ,102.0 
57694 ,江西,铜鼓,一般站,11423,2832 ,259.8 ,261.0 
57696 ,江西,宜丰,基本站,11447,2824 ,91.7 ,92.9 
57698 ,江西,万载,一般站,11426,2806 ,122.5 ,124.0 
57699 ,江西,上高,一般站,11458,2814 ,93.4 ,94.6 
57707 ,贵州,毕节,基本站,10517,2718 ,1510.6 ,1511.5 
57708 ,贵州,大方,一般站,10536,2709 ,1700.0 ,1701.2 
57710 ,贵州,仁怀,基本站,10624,2748,890.3 ,891.0 
57714 ,贵州,金沙,一般站,10614,2728 ,942.0 ,943.0 
57717 ,贵州,遵义县,一般站,10650,2732 ,974.1 ,975.0 
57718,贵州,息烽,基本站,10643,2706,1112.1 ,1113.2 
57719 ,贵州,开阳,一般站,10658,2704 ,1275.6 ,1276.6 
57722 ,贵州,湄潭,基本站,10728,2746 ,792.2 ,792.9 
57723 ,贵州,凤冈,一般站,10743,2759 ,710.2 ,711.2 
57728 ,贵州,瓮安,一般站,10728,2703 ,1129.6 ,1130.6 
57729 ,贵州,余庆,基本站,10753,2714 ,622.1 ,623.1 
57731 ,贵州,思南,基本站,10815,2757 ,416.8 ,417.7 
57732 ,贵州,印江,一般站,10824,2801 ,521.5 ,522.5 
57734 ,贵州,石阡,一般站,10814,2734 ,467.5 ,468.5 
57735 ,贵州,岑巩,一般站,10849,2711 ,404.3 ,405.5 
57736 ,贵州,江口,一般站,10851,2742 ,369.2 ,370.4 
57737 ,贵州,施秉,一般站,10807,2702 ,547.3 ,548.5 
57738 ,贵州,镇远,一般站,10825,2703 ,516.3 ,517.5 
57739 ,贵州,玉屏,一般站,10855,2714 ,394.8 ,396.0 
57740 ,湖南,凤凰,一般站,10936,2757 ,349.6 ,350.6 
57741 ,贵州,铜仁,基本站,10911,2744 ,353.2 ,354.4 
57742 ,贵州,万山,一般站,10912,2731 ,884.3 ,885.3 
57743 ,湖南,麻阳,一般站,10948,2752 ,176.6 ,177.6 
57744 ,湖南,新晃,一般站,10910,2722 ,355.5 ,356.5 
57745 ,湖南,芷江,基本站,10941,2727 ,272.2 ,273.2 
57752 ,湖南,溆浦,基本站,11036,2755 ,204.0 ,205.0 
57754 ,湖南,洪江,一般站,10950,2713,252.0 ,253.0 
57760 ,湖南,冷水江,一般站,11126,2742 ,249.2 ,250.7 
57761 ,湖南,新化,基本站,11118,2745 ,211.9 ,213.1 
57762 ,湖南,涟源,一般站,11142,2741,165.0 ,166.0 
57763 ,湖南,娄底,一般站,11200,2741 ,205.8 ,207.0 
57771 ,湖南,韶山,一般站,11232 ,2756 ,88.3 ,89.3 
57772 ,湖南,湘乡,一般站,11230,2745 ,86.9 ,88.1 
57773 ,湖南,湘潭,一般站,11250,2753 ,63.8 ,65.0 
57774 ,湖南,双峰,基本站,11210,2727 ,100.0 ,101.3 
57776 ,湖南,南岳,基准站,11242,2718 ,1265.9 ,1265.1 
57777 ,湖南,衡山,一般站,11252,2714 ,63.3 ,64.8 
57778 ,湖南,衡东,一般站,11257,2706 ,70.3 ,71.7 
57779 ,湖南,攸县,基本站,11321,2703 ,115.2 ,116.6 
57780 ,湖南,株洲,基本站,11310,2750 ,74.6 ,76.3 
57781 ,湖南,醴陵,一般站,11330,2739 ,74.4 ,75.6 
57783 ,江西,上栗,一般站,11349,2753 ,118.6 ,119.6 
57786 ,江西,萍乡,一般站,11351,2738,117.5 ,118.7 
57789 ,江西,莲花,基本站,11357,2708 ,194.5 ,195.7 
57792 ,江西,分宜,一般站,11441,2749 ,93.7 ,94.9 
57793 ,江西,宜春,基准站,11423,2748 ,131.3 ,132.3 
57794 ,江西,芦溪,一般站,11401,2738 ,177.2 ,178.4 
57796,江西,新余,一般站,11453,2750,189.3 ,190.3 
57798 ,江西,安福,一般站,11436,2724 ,85.9 ,87.1 
57799 ,江西,吉安县,基本站,11455,2703 ,71.2 ,73.7 
57800 ,贵州,纳雍,一般站,10522,2646 ,1457.1 ,1458.6 
57803 ,贵州,黔西,基本站,10601,2702 ,1231.4 ,1232.4 
57805 ,贵州,织金,基本站,10546,2641 ,1319.3 ,1320.3 
57806 ,贵州,安顺,基本站,10554,2615 ,1431.1 ,1432.3 
57807 ,贵州,六枝,一般站,10528,2612 ,1361.9 ,1362.9 
57808 ,贵州,普定,一般站,10545,2619 ,1274.5 ,1275.7 
57809 ,贵州,镇宁,一般站,10545,2604,1251.0 ,1252.0 
57811 ,贵州,修文,一般站,10636,2650,1296.7 ,1297.7 
57814 ,贵州,平坝,一般站,10616,2625 ,1298.2 ,1299.2 
57816 ,贵州,贵阳,基准站,10644,2635 ,1223.8 ,1224.9 
57821 ,贵州,福泉,一般站,10730,2642 ,925.0 ,926.5 
57822 ,贵州,黄平,一般站,10754,2654 ,835.0 ,836.2 
57824 ,贵州,贵定,一般站,10714,2635 ,1001.0 ,1002.4 
57825 ,贵州,凯里,基本站,10759,2636 ,720.3 ,721.3 
57827 ,贵州,都匀,基本站,10732,2619,969.1 ,970.2 
57828 ,贵州,麻江,一般站,10735,2630 ,983.8 ,984.8 
57829 ,贵州,丹寨,一般站,10748,2612 ,963.2 ,964.2 
57832 ,贵州,三穗,基准站,10840,2658 ,626.9 ,627.8 
57834 ,贵州,台江,一般站,10818,2641 ,641.3 ,642.5 
57835 ,贵州,剑河,一般站,10826,2644,527.2 ,528.4 
57837 ,贵州,雷山,一般站,10804,2624 ,839.0 ,840.2 
57839 ,贵州,黎平,基本站,10908,2614 ,568.8 ,569.4 
57840 ,贵州,天柱,基本站,10912,2654,401.4 ,402.4 
57844 ,贵州,锦屏,一般站,10911,2641 ,343.0 ,344.0 
57845 ,湖南,通道,基本站,10947,2610 ,397.5 ,398.8 
57859 ,广西,资源,一般站,11038,2602 ,408.4 ,409.6 
57865 ,湖南,冷水滩,一般站,11137,2630,192.8 ,193.8 
57866 ,湖南,永州,基本站,11137,2614 ,172.6 ,173.4 
57867 ,湖南,东安,一般站,11117,2624 ,169.0 ,170.0 
57868 ,湖南,祁阳,一般站,11152,2636 ,113.2 ,114.6 
57870 ,湖南,祁东,一般站,11206,2648 ,151.6 ,153.1 
57871 ,湖南,衡阳县,一般站,11222,2659 ,90.8 ,92.3 
57872 ,湖南,衡阳,基本站,11236,2654 ,104.9 ,106.1 
57874 ,湖南,常宁,基准站,11224,2625 ,116.6 ,117.6 
57875 ,湖南,衡南,一般站,11241,2645 ,137.0 ,138.4 
57876 ,湖南,耒阳,一般站,11250,2626,135.0 ,136.2 
57881 ,湖南,安仁,一般站,11316,2643 ,101.8 ,103.0 
57882 ,湖南,茶陵,一般站,11333,2647 ,136.2 ,137.4 
57883 ,江西,夏坪,一般站,11417,2645 ,253.0 ,257.1 
57886 ,湖南,炎陵,一般站,11348,2629,268.8 ,269.9 
57887 ,湖南,永兴,一般站,11307 ,2608,167.6 ,168.8 
57889 ,湖南,桂东,基本站,11357,2605 ,835.9 ,837.1 
57891 ,江西,永新,一般站,11415,2656 ,153.0 ,154.0 
57894 ,江西,井冈山,基本站,11410,2635 ,843.0 ,848.4 
57895 ,江西,万安,一般站,11447,2628 ,101.6 ,102.8 
57896 ,江西,遂川,基准站,11430,2620 ,126.1 ,127.3 
57899 ,江西,泰和,一般站,11455,2648 ,71.4 ,72.6 
57900 ,贵州,晴隆,一般站,10513,2550 ,1552.7 ,1553.6 
57902 ,贵州,兴仁,基准站,10511,2526 ,1378.5 ,1379.3 
57903 ,贵州,关岭,一般站,10536,2556 ,1142.0 ,1143.0 
57905 ,贵州,贞丰,一般站,10537,2524 ,1184.9 ,1186.1 
57906 ,贵州,望谟,基本站,10605,2511 ,566.8 ,567.4 
57907 ,贵州,兴义,基本站,10454,2505 ,1299.6 ,1300.6 
57908 ,贵州,安龙,一般站,10529,2507 ,1394.5 ,1395.5 
57909 ,贵州,册亨,一般站,10549,2459 ,584.8 ,586.0 
57910 ,贵州,紫云,基本站,10605,2546 ,1197.6 ,1198.8 
57911 ,贵州,白云,一般站,10639,2640 ,1323.0 ,1324.2 
57912 ,贵州,惠水,基本站,10638,2608 ,990.9 ,992.3 
57913 ,贵州,龙里,一般站,10659,2627 ,1093.7 ,1094.7 
57914 ,贵州,花溪,一般站,10640,2625 ,1149.0 ,1149.8 
57915 ,贵州,乌当,一般站,10646,2638 ,1104.0 ,1104.9 
57916 ,贵州,罗甸,基本站,10646,2526 ,440.3 ,441.5 
57921 ,贵州,平塘,一般站,10721,2551 ,821.4 ,822.4 
57922 ,贵州,独山,基本站,10733,2550 ,1013.3 ,1014.3 
57923 ,贵州,三都,一般站,10752,2559 ,452.0 ,453.2 
57926 ,贵州,荔波,基本站,10753,2525 ,428.7 ,429.7 
57927 ,广西,天峨,一般站,10711,2458 ,287.3 ,288.5 
57932 ,贵州,榕江,基本站,10831,2556 ,285.7 ,286.9 
57936 ,贵州,从江,一般站,10855,2545,258.1 ,259.1 
57941 ,广西,三江,一般站,10936,2547 ,197.3 ,198.5 
57942 ,广西,龙胜,一般站,11000,2548 ,268.0 ,269.2 
57947 ,广西,融安,基本站,10924,2514 ,161.5 ,162.7 
57948 ,广西,融水,一般站,10915,2505 ,122.7 ,123.9 
57949 ,广西,永福,一般站,11000,2459 ,156.8 ,158.0 
57954 ,广西,临桂,一般站,11009,2514 ,222.5 ,223.7 
57955 ,广西,兴安,一般站,11040,2537 ,224.0 ,225.2 
57956 ,广西,灵川,一般站,11019,2525 ,167.9 ,169.1 
57957 ,广西,桂林,基本站,11018,2519 ,164.4 ,165.6 
57960 ,广西,全州,一般站,11104,2556 ,195.6 ,196.8 
57962 ,湖南,双牌,一般站,11139,2558 ,167.8 ,168.8 
57964 ,广西,灌阳,一般站,11109,2530 ,263.1 ,264.3 
57965 ,湖南,道县,基本站,11136,2532 ,192.2 ,193.0 
57966 ,湖南,宁远,一般站,11158,2536 ,244.2 ,244.9 
57969 ,湖南,江永,一般站,11119,2517 ,269.0 ,270.0 
57971 ,湖南,新田,一般站,11212,2555 ,224.2 ,225.2 
57972 ,湖南,郴州,基本站,11258,2544 ,368.8 ,370.1 
57973 ,湖南,桂阳,一般站,11243,2545 ,329.1 ,330.3 
57974 ,湖南,嘉禾,基本站,11222,2535 ,214.5 ,215.4 
57975 ,湖南,蓝山,一般站,11212,2523 ,277.0 ,278.0 
57976 ,湖南,宜章,一般站,11256,2524 ,222.8 ,224.2 
57978 ,湖南,临武,一般站,11233,2516 ,292.0 ,293.2 
57981 ,湖南,资兴,一般站,11313,2558 ,139.3 ,140.5 
57985 ,湖南,汝城,一般站,11341,2533 ,609.8 ,611.0 
57988 ,广东,乐昌,一般站,11321,2507 ,143.2 ,144.0 
57989 ,广东,仁化,一般站,11346,2504,112.7 ,113.5 
57990 ,江西,崇义,一般站,11419,2542 ,280.0 ,281.2 
57991 ,江西,上犹,一般站,11433,2548 ,140.2 ,141.7 
57992 ,江西,南康,一般站,11445,2540 ,127.0 ,128.5 
57993 ,江西,赣县,基本站,11500,2552 ,137.5 ,138.4 
57994 ,江西,大余,一般站,11421,2524 ,215.6 ,216.8 
57995 ,江西,信丰,一般站,11452,2521 ,204.4 ,205.6 
57996 ,广东,南雄,基准站,11415,2505,149.7 ,150.5 
58001 ,河南,睢县,一般站,11506 ,3426 ,56.3 ,56.9 
58002 ,山东,曹县,一般站,11535,3451 ,49.0 ,49.8 
58003 ,山东,成武,一般站,11553,3457 ,45.4 ,46.6 
58004 ,河南,民权,一般站,11509 ,3439 ,60.6 ,61.6 
58005 ,河南,商丘,基准站,11532 ,3426 ,50.8 ,51.8 
58006 ,河南,虞城,一般站,11553 ,3423 ,46.3 ,47.8 
58007 ,河南,柘城,一般站,11518 ,3404 ,47.2 ,48.3 
58008 ,河南,宁陵,一般站,11520 ,3428 ,54.4 ,55.4 
58011 ,山东,单县,一般站,11604,3448 ,46.2 ,47.4 
58012 ,江苏,丰县,一般站,11639,3440,42.0 ,43.1 
58013 ,江苏,沛县,一般站,11654,3445 ,36.5 ,37.6 
58015 ,安徽,砀山,基本站,11620,3427 ,44.2 ,45.4 
58016 ,安徽,萧县,一般站,11658,3411 ,34.7 ,35.9 
58017 ,河南,夏邑,一般站,11608 ,3415 ,41.0 ,42.0 
58020 ,山东,微山,一般站,11708,3448 ,35.1 ,36.1 
58021 ,山东,薛城,一般站,11717,3447 ,80.5 ,82.0 
58022 ,山东,峄城,一般站,11734,3445 ,48.3 ,49.5 
58024 ,山东,枣庄,一般站,11735,3452 ,77.7 ,78.7 
58025 ,山东,台儿庄,一般站,11744,3434 ,27.6 ,28.8 
58026 ,江苏,邳州,基本站,11801,3424 ,25.7 ,27.0 
58027 ,江苏,徐州,基本站,11709,3417 ,41.2 ,42.3 
58030,山东,兰陵,一般站,11801,3453,44.5 ,45.7 
58032 ,山东,临沭,一般站,11839,3457 ,90.1 ,91.3 
58035 ,江苏,新沂,一般站,11821,3420 ,29.3 ,30.5 
58036,江苏,东海,一般站,11843,3433,32.9 ,34.1 
58038 ,江苏,沭阳,基本站,11847,3405 ,10.4 ,11.6 
58040 ,江苏,赣榆,基本站,11908,3451 ,5.3 ,6.4 
58041 ,江苏,西连岛,一般站,11926,3447 ,26.9 ,28.0 
58044 ,江苏,连云港,一般站,11914,3432 ,4.7 ,5.9 
58045 ,江苏,响水,一般站,11936,3412,4.8 ,6.0 
58047 ,江苏,灌云,基本站,11914,3415,4.8 ,6.0 
58048 ,江苏,灌南,一般站,11921,3407 ,4.2 ,5.6 
58049 ,江苏,滨海,一般站,11948,3401,4.1 ,5.3 
58100 ,河南,郸城,一般站,11510 ,3339 ,41.4 ,42.4 
58101 ,河南,鹿邑,一般站,11529 ,3352 ,41.3 ,42.8 
58102 ,安徽,亳州,基本站,11544,3347 ,39.1 ,40.3 
58104 ,河南,沈丘,一般站,11504 ,3324 ,41.2 ,42.5 
58107 ,安徽,临泉,一般站,11517,3301 ,35.8 ,37.0 
58108 ,安徽,界首,一般站,11522,3320,38.0 ,39.2 
58109 ,安徽,太和,一般站,11539,3308 ,31.0 ,32.2 
58111 ,河南,永城,基本站,11627 ,3358 ,32.5 ,33.5 
58112 ,安徽,天柱山,一般站,11627,3044 ,968.2 ,969.4 
58113 ,安徽,濉溪,一般站,11642,3357 ,32.2 ,33.4 
58114,安徽,涡阳,一般站,11611,3329,31.2 ,32.3 
58116 ,安徽,淮北,一般站,11652,3402 ,32.9 ,34.1 
58117 ,安徽,利辛,一般站,11612,3308 ,27.9 ,29.4 
58118 ,安徽,蒙城,基本站,11631,3316 ,26.0 ,27.2 
58122 ,安徽,宿州,基本站,11659,3338 ,25.9 ,27.1 
58125,安徽,灵璧,一般站,11731,3335,22.9 ,24.4 
58126 ,安徽,泗县,一般站,11752,3328 ,19.5 ,20.7 
58127 ,安徽,怀远,一般站,11704,3259 ,24.5 ,25.7 
58128 ,安徽,固镇,一般站,11721 ,3320,21.0 ,22.2 
58129 ,安徽,五河,一般站,11750 ,3309,14.9 ,16.1 
58130 ,江苏,睢宁,基本站,11757 ,3356 ,23.8 ,25.0 
58131,江苏,宿迁,一般站,11813,3358,25.0 ,26.2 
58132 ,江苏,泗阳,一般站,11841,3343 ,14.5 ,15.7 
58135 ,江苏,泗洪,基本站,11813,3329 ,16.9 ,18.1 
58138 ,江苏,盱眙,基本站,11831,3259 ,40.8 ,41.9 
58139 ,江苏,洪泽,一般站,11855,3318,10.6 ,12.0 
58140 ,江苏,涟水,一般站,11918,3346 ,9.1 ,10.3 
58141 ,江苏,淮安,基准站,11856,3338,12.5 ,13.7 
58143 ,江苏,阜宁,基本站,11951,3348 ,4.8 ,5.8 
58145 ,江苏,楚州,一般站,11909,3330 ,7.4 ,8.6 
58146 ,江苏,建湖,一般站,11946,3328 ,3.0 ,4.0 
58147 ,江苏,金湖,一般站,11858,3259 ,24.2 ,25.3 
58148 ,江苏,宝应,一般站,11921,3316,3.3 ,4.3 
58150,江苏,射阳,基本站,12018,3345,1.8 ,3.0 
58154 ,江苏,盐都,一般站,12006,3319 ,4.0 ,4.8 
58158 ,江苏,大丰,基本站,12027,3310 ,3.1 ,4.1 
58202,安徽,阜南,一般站,11534,3240,31.2 ,32.4 
58203 ,安徽,阜阳,基本站,11544,3252 ,32.7 ,33.9 
58205 ,河南,淮滨,一般站,11526 ,3228 ,34.9 ,36.0 
58207 ,河南,潢川,一般站,11503,3210 ,42.8 ,44.0 
58208 ,河南,固始,基本站,11537 ,3210 ,42.9 ,43.9 
58210 ,安徽,颍上,一般站,11614,3239 ,25.2 ,26.2 
58212,安徽,凤台,一般站,11646,3243,23.0 ,24.2 
58214 ,安徽,霍邱,一般站,11618,3222 ,27.9 ,29.1 
58215 ,安徽,寿县,基准站,11647,3226,25.7 ,26.9 
58220 ,安徽,长丰,一般站,11709,3228 ,28.1 ,29.3 
58221 ,安徽,蚌埠,基本站,11718,3251 ,26.8 ,28.0 
58222 ,安徽,凤阳,一般站,11733,3251 ,24.6 ,25.6 
58223 ,安徽,明光,一般站,11759,3248,31.4 ,32.6 
58224 ,安徽,淮南,一般站,11703,3236 ,71.0 ,72.2 
58225 ,安徽,定远,基本站,11740,3232 ,69.6 ,70.6 
58234 ,安徽,来安,一般站,11825,3228 ,40.4 ,41.6 
58235 ,江苏,六合,一般站,11851,3222 ,10.4 ,11.6 
58236 ,安徽,滁州,基本站,11815,3221 ,33.5 ,34.7 
58237 ,江苏,浦口,一般站,11835,3204,46.6 ,47.7 
58238 ,江苏,南京,基准站,11854,3156 ,35.2 ,36.3 
58240 ,安徽,天长,一般站,11901,3241 ,21.3 ,22.5 
58241 ,江苏,高邮,基本站,11927,3248 ,5.4 ,6.5 
58242 ,江苏,仪征,一般站,11910,3218,22.5 ,23.5 
58243 ,江苏,兴化,一般站,11949,3257,3.0 ,4.5 
58244 ,江苏,江都,一般站,11935,3227 ,5.2 ,6.3 
58245 ,江苏,扬州,一般站,11925,3225 ,9.9 ,10.9 
58246 ,江苏,泰州,一般站,12000,3233,2.6 ,3.8 
58247 ,江苏,扬中,一般站,11948,3216,3.2 ,4.3 
58249 ,江苏,泰兴,一般站,12000,3210 ,6.0 ,7.3 
58250 ,江苏,姜堰,一般站,12009,3231 ,6.2 ,7.3 
58251 ,江苏,东台,基本站,12017,3251 ,3.3 ,4.5 
58252 ,江苏,丹徒,基本站,11928,3211 ,27.3 ,28.4 
58254 ,江苏,海安,一般站,12027,3231 ,5.4 ,6.5 
58255 ,江苏,如皋,基本站,12034,3222 ,6.4 ,7.5 
58257 ,江苏,靖江,一般站,12018,3159 ,9.8 ,11.0 
58259 ,江苏,南通,基本站,12059,3205 ,4.8 ,5.9 
58264 ,江苏,如东,一般站,12111,3220 ,3.4 ,4.6 
58265 ,江苏,吕泗,基准站,12136,3204 ,3.6 ,5.0 
58268 ,江苏,通州,一般站,12105,3206 ,4.4 ,5.5 
58269 ,江苏,启东,一般站,12139,3147 ,3.3 ,4.4 
58301 ,河南,商城,一般站,11523 ,3149 ,92.1 ,92.9 
58306 ,安徽,金寨,一般站,11553,3141 ,95.4 ,96.5 
58311 ,安徽,六安,基本站,11630,3144 ,74.1 ,75.3 
58314 ,安徽,霍山,基本站,11619,3124 ,86.4 ,87.6 
58316 ,安徽,舒城,一般站,11655,3128 ,23.6 ,24.8 
58317 ,安徽,岳西,一般站,11622,3052 ,434.2 ,435.4 
58319 ,安徽,桐城,基准站,11657,3104 ,85.4 ,86.0 
58320 ,安徽,肥西,一般站,11708,3144 ,21.8 ,22.8 
58321 ,安徽,合肥,基本站,11718,3147 ,27.0 ,28.2 
58323 ,安徽,肥东,一般站,11728,3153 ,25.0 ,26.0 
58326 ,安徽,巢湖,基本站,11750,3135,30.9 ,31.9 
58327 ,安徽,庐江,一般站,11717,3116,45.2 ,46.4 
58329 ,安徽,无为,一般站,11752,3120 ,9.6 ,10.8 
58330 ,安徽,含山,一般站,11805,3145 ,26.0 ,27.0 
58331 ,安徽,和县,一般站,11822,3144 ,22.5 ,23.5 
58334 ,安徽,芜湖,一般站,11825,3123 ,10.2 ,11.4 
58335 ,安徽,当涂,一般站,11834,3133 ,60.0 ,61.2 
58336 ,安徽,马鞍山,基本站,11834,3142 ,80.0 ,81.2 
58337 ,安徽,繁昌,一般站,11811,3105 ,26.8 ,28.0 
58338 ,安徽,芜湖县,基本站,11836,3107 ,40.0 ,41.4 
58339 ,江苏,高淳,一般站,11854,3120 ,16.6 ,17.8 
58340 ,江苏,溧水,一般站,11904,3136 ,30.4 ,31.4 
58341 ,江苏,丹阳,一般站,11936,3159 ,6.6 ,7.7 
58342 ,江苏,金坛,一般站,11932,3143 ,5.4 ,6.4 
58344 ,江苏,句容,一般站,11912,3158 ,36.0 ,37.1 
58345 ,江苏,溧阳,基本站,11929,3126 ,5.9 ,7.0 
58346 ,江苏,宜兴,一般站,11949,3120 ,16.4 ,17.6 
58349,江苏,苏州,一般站,12034,3125,8.0 ,9.1 
58351 ,江苏,江阴,一般站,12018,3154 ,4.2 ,5.4 
58352 ,江苏,常熟,一般站,12046,3139 ,4.5 ,5.7 
58353 ,江苏,张家港,一般站,12034,3152,11.5 ,12.5 
58354 ,江苏,无锡,基本站,12021,3137 ,3.2 ,4.2 
58356 ,江苏,昆山,基本站,12100,3124 ,3.2 ,4.4 
58358 ,江苏,东山,基本站,12026,3104 ,16.7 ,17.8 
58359 ,江苏,吴江,一般站,12037,3108 ,4.7 ,5.8 
58360 ,江苏,海门,一般站,12112,3155 ,3.3 ,4.4 
58361 ,上海,闵行,一般站,12122,3106 ,5.5 ,6.5 
58362 ,上海,宝山,基本站,12127,3124,5.5 ,6.7 
58365 ,上海,嘉定,一般站,12112,3123 ,6.5 ,7.5 
58366,上海,崇明,一般站,12130,3140,4.3 ,5.8 
58367,上海,徐家汇,一般站,12126,3112 ,4.6 ,5.6 
58369 ,上海,南汇,一般站,12147,3103 ,5.0 ,6.2 
58370 ,上海,浦东,一般站,12132 ,3114,4.4 ,5.5 
58377,江苏,太仓,一般站,12106,3131,5.7 ,6.7 
58401,湖北,罗田,一般站,11524,3045,123.1 ,124.6 
58402,湖北,英山,基本站,11540,3044,123.8 ,124.4
58404,湖北,浠水,一般站,11513,3028,61.8 ,63.3 
58408,湖北,蕲春,一般站,11526,3014,35.1 ,36.3 
58409,湖北,黄梅,一般站,11556,3006,32.0 ,33.6 
58417 ,安徽,宿松,一般站,11608,3010 ,54.7 ,55.9 
58429 ,安徽,铜陵,基本站,11751,3059,11.0 ,12.2 
58431 ,安徽,南陵,一般站,11819,3054,39.0 ,40.2 
58432 ,安徽,泾县,一般站,11824,3041 ,57.3 ,58.4 
58433 ,安徽,宣城,一般站,11845,3056 ,31.2 ,32.2 
58435 ,安徽,旌德,一般站,11832,3018 ,220.2 ,221.3 
58436 ,安徽,宁国,基本站,11859,3037 ,87.3 ,88.5 
58437 ,安徽,黄山,基准站,11809,3008 ,1840.4 ,1841.4 
58441 ,安徽,广德,一般站,11925,3052 ,43.1 ,44.3 
58442 ,安徽,郎溪,一般站,11911,3110,16.5 ,17.7 
58443 ,浙江,长兴,一般站,11954,3101 ,25.0 ,19.8 
58446 ,浙江,安吉,一般站,11942,3038,72.2 ,66.8 
58448,浙江,临安,基本站,11942,3013,117.6 ,118.6 
58449,浙江,富阳,一般站,11957,3003 ,46.5 ,47.9 
58450 ,浙江,湖州,基本站,12003,3052 ,7.4 ,7.8 
58451 ,浙江,嘉善,一般站,12056,3050 ,2.6 ,3.4 
58452 ,浙江,嘉兴,一般站,12046,3044 ,4.8 ,4.3 
58453 ,浙江,柯桥,一般站,12030,3004 ,7.9 ,10.7 
58454,浙江,德清,一般站,11959,3032,102.0 ,103.0 
58455 ,浙江,海宁,一般站,12030,3029 ,5.3 ,6.4 
58456 ,浙江,桐乡,一般站,12031,3038 ,6.0 ,6.7 
58457,浙江,杭州,基准站,12010,3014,41.7 ,42.6 
58458 ,浙江,海盐,一般站,12054,3032 ,4.8 ,3.9 
58459 ,浙江,萧山,一般站,12017,3011 ,96.5 ,98.0 
58460 ,上海,金山,一般站,12121,3044 ,5.2 ,6.2 
58461 ,上海,青浦,一般站,12107,3108 ,4.0 ,5.0 
58462 ,上海,松江,一般站,12111,3101 ,8.1 ,9.1 
58463 ,上海,奉贤,一般站,12130,3053 ,4.6 ,5.6 
58464,浙江,平湖,基本站,12107,3039,4.0 ,5.5 
58467 ,浙江,慈溪,基本站,12116,3012 ,4.5 ,5.7 
58468 ,浙江,余姚,一般站,12108,3001 ,38.0 ,39.0 
58472 ,浙江,嵊泗,基准站,12227,3044 ,79.6 ,73.9 
58477 ,浙江,定海,基本站,12206,3002 ,35.7 ,36.7 
58484 ,浙江,岱山,一般站,12212,3015 ,37.1 ,9.4 
58500,湖北,阳新,基本站,11513,2954,57.0 ,58.2 
58501,湖北,武穴,一般站,11538,2955,23.5 ,24.9 
58502 ,江西,九江,一般站,11601,2940 ,74.8 ,75.8 
58503 ,江西,瑞昌,一般站,11540 ,2942,41.2 ,42.7 
58505 ,江西,九江县,一般站,11554,2937 ,63.1 ,64.6 
58506 ,江西,庐山,基准站,11559,2935 ,1164.5 ,1165.4 
58507 ,江西,武宁,基本站,11507,2915 ,116.0 ,117.1 
58508 ,江西,德安,一般站,11546,2920 ,41.3 ,42.5 
58509 ,江西,永修,一般站,11549,2903 ,36.6 ,37.8 
58510 ,江西,湖口,一般站,11612,2941 ,35.2 ,36.4 
58512 ,江西,彭泽,一般站,11633,2954 ,71.3 ,72.5 
58514 ,江西,星子,一般站,11603,2927 ,37.1 ,38.6 
58517 ,江西,都昌,一般站,11611,2915 ,77.5 ,78.7 
58519 ,江西,波阳,基本站,11641,2900 ,40.1 ,41.1 
58520 ,安徽,祁门,基本站,11743,2951 ,142.0 ,143.1 
58523 ,安徽,黟县,一般站,11756,2956 ,227.5 ,228.7 
58524 ,江西,浮梁,一般站,11713,2922 ,87.3 ,88.8 
58527 ,江西,景德镇,基本站,11712,2918 ,61.5 ,62.9 
58529 ,江西,婺源,一般站,11751,2917 ,171.0 ,172.0 
58530 ,安徽,歙县,一般站,11826,2952 ,168.7 ,170.1 
58531 ,安徽,屯溪,基准站,11817,2943 ,142.7 ,143.9 
58534 ,安徽,休宁,一般站,11811,2947 ,170.2 ,171.4 
58537 ,浙江,开化,一般站,11824,2908 ,153.6 ,154.1 
58542,浙江,桐庐,一般站,11941,2949 ,46.1 ,47.3 
58543,浙江,淳安,基本站,11901,2937,171.4 ,172.6 
58544,浙江,建德,一般站,11916,2929,88.9 ,90.1 
58546 ,浙江,浦江,一般站,11953,2928 ,115.8 ,114.2 
58547 ,浙江,龙游,一般站,11911,2902 ,66.2 ,65.1 
58548 ,浙江,兰溪,一般站,11928,2913 ,50.2 ,46.7 
58549 ,浙江,金华,基本站,11939,2907 ,62.6 ,61.4 
58550 ,浙江,诸暨,一般站,12015,2942 ,39.1 ,39.4 
58553 ,浙江,上虞,基本站,12049,3003 ,6.4 ,6.4 
58555 ,浙江,新昌,一般站,12053,2931 ,115.1 ,116.3 
58556 ,浙江,嵊州,基本站,12049,2936 ,104.3 ,103.8 
58557 ,浙江,义乌,基本站,12005,2920 ,90.0 ,87.6 
58558 ,浙江,东阳,一般站,12013,2916 ,89.9 ,89.0 
58559 ,浙江,天台,一般站,12058,2909 ,107.6 ,108.6 
58560 ,浙江,磐安,一般站,12026,2903 ,304.5 ,301.3 
58561 ,浙江,镇海,一般站,12136,2959,4.0 ,5.2 
58562 ,浙江,鄞州,基本站,12130,2948 ,6.2 ,7.2 
58563 ,浙江,北仑,一般站,12150,2953 ,5.0 ,6.0 
58565,浙江,奉化,一般站,12123,2942,41.5 ,42.7 
58566 ,浙江,象山,一般站,12153,2928 ,6.0 ,7.2 
58567 ,浙江,宁海,一般站,12126,2919 ,39.3 ,40.4 
58568 ,浙江,三门,一般站,12123,2907 ,34.5 ,35.9 
58569 ,浙江,石浦,基本站,12157,2912 ,128.4 ,129.2 
58570 ,浙江,普陀,一般站,12218,2957 ,85.2 ,83.2 
58600 ,江西,靖安,基本站,11522,2852 ,78.9 ,80.1 
58601 ,江西,奉新,一般站,11523,2842 ,53.7 ,54.9 
58602 ,江西,安义,一般站,11533,2851 ,40.7 ,41.7 
58605 ,江西,高安,一般站,11523,2825 ,46.8 ,48.3 
58606 ,江西,南昌,基本站,11555,2836 ,46.9 ,47.9 
58607 ,江西,南昌县,一般站,11557,2833 ,31.9 ,32.9 
58608 ,江西,樟树,基本站,11533,2804 ,30.4 ,31.4 
58609 ,江西,丰城,一般站,11549,2813 ,27.0 ,28.2 
58612 ,江西,余干,一般站,11641,2842 ,21.1 ,22.3 
58614 ,江西,进贤,一般站,11617,2824 ,67.2 ,68.4 
58615 ,江西,万年,一般站,11705,2841 ,56.0 ,57.2 
58616 ,江西,余江,一般站,11649,2812 ,47.1 ,48.3 
58618,江西,东乡,一般站,11636,2816,82.4 ,83.6 
58619 ,江西,临川,一般站,11616,2754 ,73.7 ,75.1 
58620 ,江西,乐平,一般站,11706,2901,51.2 ,52.2 
58622 ,江西,德兴,基本站,11735,2857 ,88.5 ,89.7 
58623 ,江西,上饶县,一般站,11755,2828 ,90.6 ,91.6 
58624 ,江西,弋阳,一般站,11726,2824 ,70.0 ,71.0 
58625 ,江西,横峰,一般站,11736,2825 ,79.0 ,80.2 
58626 ,江西,贵溪,基本站,11714,2818 ,60.8 ,61.8 
58627 ,江西,鹰潭,一般站,11703,2819 ,55.8 ,57.2 
58629,江西,铅山,一般站,11742,2817,100.3 ,101.3 
58631 ,浙江,常山,一般站,11830,2854 ,137.0 ,132.1 
58632 ,浙江,江山,一般站,11836,2843 ,126.3 ,124.1 
58634 ,江西,玉山,基准站,11815,2841 ,116.3 ,117.5 
58635 ,江西,广丰,一般站,11812,2827 ,150.0 ,151.0 
58637 ,江西,上饶,基本站,11759,2827 ,118.2 ,119.2 
58642 ,浙江,武义,一般站,11948,2853 ,105.1 ,102.6 
58643 ,浙江,永康,一般站,12002,2854 ,102.9 ,99.4 
58644 ,浙江,遂昌,一般站,11917,2836 ,237.8 ,237.2 
58646 ,浙江,丽水,基本站,11955,2827 ,59.7 ,59.6 
58647 ,浙江,龙泉,一般站,11908,2805 ,222.1 ,217.3 
58648,浙江,景宁,一般站,11938,2800,246.8 ,247.8 
58652 ,浙江,仙居,基本站,12043,2852,83.0 ,79.1 
58654 ,浙江,缙云,一般站,12005,2840 ,184.7 ,184.9 
58656 ,浙江,乐清,一般站,12058,2804 ,60.8 ,58.2 
58657 ,浙江,青田,一般站,12017,2809 ,57.8 ,59.0 
58658 ,浙江,永嘉,一般站,12041,2809 ,34.3 ,36.4 
58659 ,浙江,温州,一般站,12039,2802 ,28.3 ,29.0 
58660 ,浙江,临海,一般站,12112 ,2852,6.6 ,6.8 
58664 ,浙江,温岭,一般站,12122,2822 ,35.3 ,33.6 
58665 ,浙江,洪家,基本站,12125,2837 ,4.6 ,5.3 
58666 ,浙江,大陈,基准站,12154,2827 ,86.2 ,84.4 
58667 ,浙江,玉环,基本站,12116,2805 ,95.9 ,99.4 
58693 ,江西,新建,一般站,11550,2842 ,40.0 ,41.0 
58701 ,江西,新干,一般站,11524,2746 ,46.5 ,47.7 
58704 ,江西,峡江,一般站,11521,2735 ,104.5 ,105.5 
58705 ,江西,永丰,基本站,11525,2720 ,85.7 ,86.9 
58706 ,江西,乐安,一般站,11550,2726 ,181.8 ,183.1 
58707 ,江西,吉水,一般站,11508,2713 ,66.2 ,67.4 
58710 ,江西,崇仁,一般站,11603,2746 ,78.6 ,79.8 
58712 ,江西,金溪,一般站,11647,2755 ,130.2 ,131.7 
58713 ,江西,资溪,一般站,11704,2743 ,225.1 ,225.8 
58714 ,江西,宜黄,一般站,11614,2733 ,120.4 ,121.6 
58715 ,江西,南城,基准站,11639,2735 ,80.8 ,82.0 
58718 ,江西,南丰,基本站,11632,2713 ,111.5 ,112.5 
58719 ,江西,黎川,一般站,11656,2718 ,131.1 ,132.4 
58724 ,福建,光泽,一般站,11719,2732,268.2 ,269.2 
58725 ,福建,邵武,基本站,11728,2720 ,218.0 ,218.9 
58730 ,福建,武夷山,基本站,11802,2746 ,222.1 ,223.1 
58731 ,福建,浦城,基本站,11832,2755 ,276.9 ,277.9 
58734 ,福建,建阳,基本站,11807,2720 ,196.9 ,198.1 
58735,福建,松溪,一般站,11845,2731,260.2 ,261.3 
58736,福建,政和,一般站,11849,2723,262.4 ,263.6 
58737 ,福建,建瓯,基准站,11819,2703 ,154.9 ,155.7 
58742 ,浙江,云和,基本站,11933,2807 ,163.0 ,159.6 
58744 ,福建,寿宁,基本站,11925,2727 ,815.9 ,816.9 
58745 ,浙江,庆元,一般站,11905,2737 ,400.8 ,391.7 
58746 ,浙江,泰顺,一般站,11942,2733 ,538.9 ,514.2 
58747 ,福建,周宁,一般站,11921,2709 ,899.3 ,900.3 
58748 ,福建,福安,一般站,11939,2706 ,50.5 ,51.5 
58749 ,福建,柘荣,一般站,11953,2714 ,684.1 ,685.1 
58750 ,浙江,文成,一般站,12005,2747 ,105.4 ,106.4 
58751 ,浙江,平阳,一般站,12034,2740,254.0 ,255.0 
58752 ,浙江,瑞安,基本站,12039,2747 ,39.7 ,37.9 
58754 ,福建,福鼎,基本站,12012,2720 ,36.2 ,37.0 
58804 ,江西,兴国,一般站,11521,2617 ,184.0 ,185.2 
58806 ,江西,宁都,基本站,11601,2629 ,209.1 ,210.1 
58813 ,江西,广昌,基本站,11618,2650 ,166.3 ,167.5 
58814 ,江西,石城,一般站,11621,2621 ,280.2 ,281.3 
58818 ,福建,宁化,基本站,11638,2614 ,358.9 ,359.7 
58819 ,福建,清流,一般站,11649,2611 ,336.9 ,338.0 
58820 ,福建,泰宁,基本站,11710,2654 ,342.9 ,344.1 
58822 ,福建,建宁,一般站,11651,2650 ,342.3 ,343.5 
58823 ,福建,顺昌,一般站,11748,2648 ,175.2 ,176.4 
58824 ,福建,明溪,一般站,11709,2624 ,357.4 ,358.4 
58826 ,福建,沙县,一般站,11748,2624 ,120.6 ,121.5 
58828 ,福建,三明,一般站,11737,2616 ,208.2 ,209.2 
58836 ,福建,古田,一般站,11844,2635 ,361.5 ,362.7 
58837,福建,尤溪,基本站,11809,2609,204.8 ,205.9 
58839 ,福建,闽清,一般站,11851,2614 ,40.8 ,41.8 
58843 ,福建,霞浦,基本站,12001,2653 ,56.8 ,57.8 
58844 ,福建,闽侯,一般站,11909,2609 ,57.8 ,58.6 
58845 ,福建,罗源,一般站,11933,2630 ,78.5 ,79.5 
58846 ,福建,宁德,基本站,11931,2640 ,32.4 ,33.2 
58847 ,福建,福州,基准站,11917,2605 ,84.0 ,85.0 
58848 ,福建,连江,一般站,11933,2612 ,13.4 ,14.4 
58850 ,福建,三沙,一般站,12014,2655 ,92.2 ,93.2 
58903 ,江西,瑞金,一般站,11602,2554 ,210.0 ,211.2 
58905 ,江西,于都,一般站,11525,2558 ,133.2 ,134.4 
58906 ,江西,会昌,一般站,11548,2536 ,167.4 ,168.9 
58907 ,江西,安远,一般站,11524,2509 ,305.0 ,306.0 
58911 ,福建,长汀,基本站,11622,2551 ,310.0 ,311.2 
58917 ,福建,武平,一般站,11606,2505 ,307.0 ,308.2 
58918 ,福建,上杭,基本站,11625,2503 ,198.0 ,198.7 
58923 ,福建,大田,一般站,11750,2542 ,400.1 ,400.9 
58926 ,福建,漳平,基本站,11725,2518 ,205.3 ,206.5 
58927 ,福建,龙岩,基本站,11701,2503 ,376.0 ,377.0 
58928 ,福建,华安,一般站,11732,2501 ,166.5 ,167.7 
58929 ,福建,安溪,一般站,11812,2504 ,130.6 ,131.6 
58931 ,福建,九仙山,基本站,11806,2543 ,1653.5 ,1654.6 
58932 ,福建,永泰,一般站,11856,2552 ,85.6 ,86.6 
58934 ,福建,永春,一般站,11816,2520 ,183.8 ,184.8 
58935 ,福建,德化,一般站,11814,2531 ,645.6 ,646.7 
58938 ,福建,秀屿,一般站,11859,2514 ,23.1 ,24.3 
58941 ,福建,长乐,一般站,11930,2558 ,25.9 ,26.9 
58942 ,福建,福清,一般站,11923,2543 ,39.2 ,40.3 
58944 ,福建,平潭,基本站,11947,2531 ,32.4 ,33.4 
58946 ,福建,莆田,一般站,11900,2527 ,81.1 ,81.9 
59001 ,广西,隆林,一般站,10520,2447 ,672.2 ,673.4 
59004 ,广西,西林,一般站,10505,2430 ,827.0 ,828.2 
59007 ,云南,广南,基本站,10504,2404 ,1249.6 ,1250.8 
59012 ,广西,乐业,一般站,10633,2447 ,972.1 ,973.3 
59015 ,广西,凌云,一般站,10634,2421 ,437.9 ,439.1 
59017 ,广西,田林,一般站,10616,2416 ,278.2 ,279.4 
59021 ,广西,凤山,基本站,10702,2433 ,509.4 ,510.6 
59023 ,广西,河池,基本站,10802,2442 ,260.2 ,261.4 
59025 ,广西,东兰,一般站,10723,2432 ,248.8 ,250.0 
59027 ,广西,巴马,基准站,10715,2408 ,254.9 ,256.1 
59031,广西,环江,一般站,10816,2449,342.3 ,343.5 
59034 ,广西,宜州,一般站,10840,2429 ,150.7 ,151.9 
59037 ,广西,都安,基准站,10806,2356 ,170.8 ,172.0 
59038 ,广西,忻城,一般站,10839,2404 ,138.5 ,139.7 
59041 ,广西,柳城,一般站,10915,2439 ,108.3 ,109.5 
59044 ,广西,沙塘,一般站,10923,2428 ,97.5 ,98.7 
59045 ,广西,鹿寨,一般站,10945,2429 ,94.7 ,95.9 
59046 ,广西,柳州,基本站,10924,2421 ,96.8 ,98.0 
59047 ,广西,柳江,一般站,10920,2415 ,100.9 ,102.1 
59052 ,广西,恭城,一般站,11049,2450 ,169.6 ,170.8 
59053 ,广西,平乐,一般站,11038,2439 ,157.6 ,158.8 
59055 ,广西,荔浦,一般站,11024,2430 ,165.7 ,166.9 
59057 ,广西,金秀,一般站,11011,2408 ,830.9 ,832.1 
59058,广西,蒙山,基本站,11031,2412,181.9 ,183.1 
59059 ,广西,昭平,一般站,11048,2411 ,105.8 ,107.0 
59063 ,湖南,江华,一般站,11134,2511 ,265.7 ,266.7 
59065 ,广西,贺州,基本站,11130,2425 ,148.7 ,149.9 
59071 ,广东,连南,一般站,11217,2444,174.3 ,175.1 
59072 ,广东,连州,基本站,11222,2449,131.7 ,132.6 
59074 ,广东,连山,一般站,11204,2434 ,300.6 ,301.4 
59075 ,广东,阳山,一般站,11238,2428 ,70.5 ,71.3 
59081,广东,乳源,一般站,11317,2447,131.1 ,131.9 
59082 ,广东,韶关,基本站,11336,2440,121.3 ,122.3 
59087 ,广东,佛冈,基本站,11331,2353,97.2 ,98.0 
59088 ,广东,英德,基本站,11325,2411 ,74.4 ,75.2 
59090 ,广东,始兴,一般站,11403,2458 ,143.9 ,144.8 
59091,江西,全南,一般站,11431,2445,277.1 ,278.1 
59092 ,江西,龙南,基本站,11448,2452 ,250.2 ,251.3 
59093 ,江西,定南,一般站,11502,2447 ,253.0 ,254.2 
59094 ,广东,翁源,一般站,11407,2421 ,184.1 ,184.9 
59096 ,广东,连平,基本站,11429,2422 ,215.2 ,216.0 
59097 ,广东,新丰,基本站,11412,2403 ,199.3 ,200.1 
59099 ,广东,和平,一般站,11456,2427 ,173.7 ,174.6 
59102 ,江西,寻乌,基本站,11539,2457 ,303.9 ,305.1 
59106 ,广东,平远,一般站,11552,2434 ,200.8 ,201.6 
59107 ,广东,龙川,基本站,11517,2407 ,179.6 ,180.4 
59109 ,广东,兴宁,一般站,11543,2410 ,123.6 ,124.5 
59113 ,福建,永定,基本站,11643,2444 ,226.9 ,227.9 
59114 ,广东,蕉岭,一般站,11610,2439 ,135.7 ,136.6 
59116 ,广东,大埔,基本站,11642,2421 ,80.1 ,81.0 
59117 ,广东,梅县,基本站,11604,2417,116.0 ,116.9 
59122 ,福建,长泰,一般站,11745,2437 ,43.0 ,44.0 
59124 ,福建,南靖,一般站,11723,2431 ,53.7 ,54.7 
59125 ,福建,平和,一般站,11718,2423 ,108.5 ,109.5 
59127 ,福建,龙海,一般站,11750,2426 ,32.1 ,32.8 
59129 ,福建,漳浦,一般站,11735,2408 ,61.1 ,62.1 
59130 ,福建,同安,一般站,11809,2444 ,30.8 ,31.7 
59131 ,福建,南安,一般站,11822,2458 ,45.4 ,46.6 
59133 ,福建,崇武,基准站,11855,2454 ,21.8 ,22.5 
59134 ,福建,厦门,基本站,11804,2429 ,139.4 ,140.6 
59205 ,云南,富宁,一般站,10538,2339 ,685.8 ,687.3 
59209 ,广西,那坡,基本站,10550,2325 ,794.1 ,795.3 
59211 ,广西,百色,基本站,10636,2354 ,174.7 ,175.9 
59215 ,广西,德保,一般站,10638,2320,680.0 ,681.2 
59218 ,广西,靖西,基本站,10625,2308 ,739.9 ,741.1 
59224 ,广西,田东,一般站,10707,2336 ,111.2 ,112.4 
59227,广西,天等,一般站,10708,2307,454.2 ,455.4 
59228 ,广西,平果,基本站,10734,2317 ,146.4 ,147.6 
59229 ,广西,隆安,一般站,10742,2310 ,125.7 ,126.9 
59230 ,广西,马山,一般站,10807,2343 ,219.0 ,220.2 
59235 ,广西,上林,一般站,10837,2326 ,115.5 ,116.7 
59237 ,广西,武鸣,一般站,10818,2311 ,155.3 ,156.5 
59238 ,广西,宾阳,一般站,10850,2315 ,127.7 ,128.9 
59241 ,广西,象州,一般站,10941,2358 ,90.5 ,91.7 
59242 ,广西,来宾,基本站,10909,2346 ,96.7 ,97.9 
59246 ,广西,武宣,一般站,10940,2336 ,70.0 ,71.2 
59255 ,广西,平南,一般站,11023,2333 ,32.5 ,33.7 
59256 ,广西,藤县,一般站,11054,2322 ,105.5 ,106.7 
59264 ,广东,封开,一般站,11130,2324,83.6 ,84.4 
59265 ,广西,梧州,基准站,11118,2329 ,114.8 ,116.0 
59266 ,广西,龙圩,一般站,11114,2325 ,42.5 ,43.7 
59268 ,广东,郁南,一般站,11133,2316 ,70.6 ,71.4 
59269 ,广东,德庆,一般站,11147,2310 ,47.2 ,47.9 
59270 ,广东,怀集,一般站,11211,2356 ,84.8 ,85.6 
59271 ,广东,广宁,基本站,11225,2338 ,92.7 ,93.6 
59276 ,广东,四会,一般站,11239,2321 ,40.1 ,40.9 
59278 ,广东,高要,基本站,11229,2259 ,60.0 ,60.8 
59279 ,广东,三水,一般站,11253,2312 ,24.0 ,24.8 
59280 ,广东,清远,基本站,11305,2343,79.2 ,79.9 
59284 ,广东,花都,一般站,11314,2325 ,38.9 ,39.8 
59285 ,广东,从化,一般站,11337,2334,38.1 ,39.0 
59287 ,广东,广州,基本站,11329,2313 ,70.7 ,71.5 
59288 ,广东,南海,一般站,11301,2309,30.1 ,30.9 
59289 ,广东,东莞,基本站,11344,2258,56.0 ,56.8 
59290,广东,龙门,一般站,11416,2347,85.5 ,86.3 
59293 ,广东,河源,基本站,11444 ,2348,71.1 ,71.9 
59294 ,广东,增城,基准站,11350,2320 ,30.8 ,31.6 
59297 ,广东,博罗,一般站,11415,2311 ,50.2 ,51.0 
59298 ,广东,惠阳,基本站,11422,2304,108.5 ,109.3 
59303 ,广东,五华,基本站,11545 ,2355,135.9 ,136.8 
59304 ,广东,紫金,基本站,11511,2338 ,176.6 ,177.4 
59306 ,广东,揭西,基本站,11551,2327,80.9 ,81.7 
59310 ,广东,丰顺,基准站,11610,2346 ,45.3 ,46.2 
59312 ,广东,潮州,一般站,11642,2340 ,60.7 ,61.5 
59313 ,广东,饶平,一般站,11659,2341 ,44.7 ,45.5 
59314 ,广东,普宁,一般站,11608,2318 ,28.6 ,29.4 
59315 ,广东,揭阳,一般站,11624 ,2335,43.9 ,44.7 
59316 ,广东,汕头,基准站,11641,2323 ,2.3 ,3.3 
59317 ,广东,惠来,基本站,11618,2259 ,42.0 ,42.8 
59318 ,广东,潮阳,一般站,11635,2315 ,6.7 ,7.5 
59319 ,广东,澄海,一般站,11650,2326 ,4.1 ,4.9 
59320,福建,诏安,一般站,11708,2345,37.8 ,38.8 
59322 ,福建,云霄,一般站,11722,2359 ,22.8 ,23.8 
59324 ,广东,南澳,基本站,11702,2326 ,8.0 ,8.8 
59419 ,广西,凭祥,一般站,10644,2204 ,348.7 ,349.9 
59421 ,广西,大新,一般站,10710,2252 ,278.3 ,279.5 
59429,广西,上思,一般站,10801,2211,216.0 ,217.2 
59431 ,广西,南宁,基本站,10833,2247 ,152.0 ,153.2 
59435 ,广西,邕宁,一般站,10829,2246 ,74.7 ,75.9 
59441 ,广西,横县,一般站,10915,2248 ,88.7 ,89.9 
59446 ,广西,灵山,基准站,10918,2225 ,66.6 ,67.8 
59448 ,广西,浦北,一般站,10933,2216 ,69.6 ,70.8 
59449 ,广西,博白,一般站,10959,2218 ,85.9 ,87.1 
59451 ,广西,北流,一般站,11021,2242 ,98.1 ,99.3 
59452 ,广西,容县,一般站,11032,2250 ,131.5 ,132.7 
59454,广西,岑溪,一般站,11100,2257,202.0 ,203.2 
59456 ,广东,信宜,基本站,11056,2221,141.4 ,142.2 
59457 ,广西,陆川,一般站,11016,2219 ,121.6 ,122.8 
59462 ,广东,罗定,基本站,11136,2243,60.0 ,60.9 
59469 ,广东,阳春,一般站,11147,2210 ,37.7 ,38.6 
59470 ,广东,新兴,一般站,11213,2242,57.6 ,58.4 
59471 ,广东,云浮,一般站,11203,2256 ,101.4 ,102.2 
59473 ,广东,鹤山,一般站,11259,2244 ,47.3 ,48.1 
59475 ,广东,开平,一般站,11239,2224,29.3 ,30.1 
59476 ,广东,新会,一般站,11302,2232 ,36.3 ,37.1 
59477,广东,恩平,一般站,11214,2216,69.3 ,70.1 
59478 ,广东,台山,基本站,11247,2215 ,33.1 ,33.9 
59480 ,广东,顺德,一般站,11315,2251 ,21.4 ,22.4 
59481 ,广东,番禺,一般站,11319,2256 ,12.2 ,13.1 
59485 ,广东,中山,基本站,11324,2231,33.7 ,34.5 
59487 ,广东,斗门,一般站,11318,2214,23.1 ,24.3 
59488 ,广东,珠海,基本站,11334 ,2217 ,51.4 ,52.2 
59492 ,广东,惠东,一般站,11440 ,2302 ,85.0 ,85.8 
59493 ,广东,深圳,基本站,11400,2232 ,63.0 ,63.9 
59500 ,广东,海丰,一般站,11519,2301 ,45.6 ,46.4 
59501 ,广东,汕尾,基本站,11522,2248 ,17.3 ,18.2 
59502 ,广东,陆丰,一般站,11539,2258 ,32.0 ,32.8 
59632 ,广西,钦州,基本站,10836,2159 ,49.2 ,50.4 
59635 ,广西,防城港,一般站,10821,2137 ,31.3 ,32.5 
59640 ,广西,合浦,一般站,10911,2140 ,5.5 ,6.7 
59644 ,广西,北海,基本站,10908,2127 ,12.8 ,14.0 
59650 ,广东,遂溪,一般站,11015,2124 ,29.7 ,30.5 
59653 ,广东,高州,一般站,11050,2155 ,31.5 ,32.3 
59654 ,广东,廉江,一般站,11018,2138 ,29.3 ,30.1 
59655 ,广东,化州,一般站,11037,2139 ,31.9 ,32.7 
59656 ,广东,吴川,一般站,11049,2124 ,27.3 ,28.1 
59658 ,广东,湛江,基本站,11018,2109 ,53.4 ,54.2 
59659 ,广东,茂名,一般站,11055,2145 ,33.5 ,34.3 
59663 ,广东,阳江,基本站,11159,2151 ,90.3 ,91.1 
59664 ,广东,电白,基准站,11059,2133,31.8 ,32.7 
59673 ,广东,上川岛,基准站,11246,2144 ,21.9 ,22.7 
59750 ,广东,雷州,一般站,11004 ,2058,33.6 ,34.4 
59754 ,广东,徐闻,基本站,11011,2020 ,56.2 ,57.0 
59757 ,海南,琼山,一般站,11022,2000 ,9.9 ,11.1 
59758,海南,海口,基准站,11015,2000,63.5 ,64.7 
59838 ,海南,东方,基准站,10837,1906 ,7.6 ,8.8 
59842 ,海南,临高,一般站,10941,1954,31.7 ,32.9 
59843 ,海南,澄迈,一般站,11000,1944 ,31.4 ,32.4 
59845 ,海南,儋州,基本站,10935,1931 ,169.0 ,170.2 
59847 ,海南,昌江,一般站,10903,1916 ,98.1 ,99.3 
59848 ,海南,白沙,一般站,10926,1914 ,215.6 ,216.8 
59849 ,海南,琼中,基本站,10950,1902 ,250.9 ,252.1 
59851 ,海南,定安,一般站,11020 ,1940,53.3 ,54.5 
59854 ,海南,屯昌,一般站,11006,1922 ,118.3 ,119.5 
59855 ,海南,琼海,基本站,11028,1914 ,24.0 ,25.2 
59856 ,海南,文昌,一般站,11045,1937 ,21.7 ,22.8 
59941 ,海南,五指山,一般站,10931,1846 ,328.5 ,329.7 
59945 ,海南,保亭,一般站,10942,1839 ,68.6 ,69.8 
59951,海南,万宁,一般站,11020,1848,39.9 ,41.1 
89058,极地,南极长城,基本站,5858W,6213S,10.0 ,12.0 
89573,极地,南极中山,基本站,7622E,6922S,14.9 ,17.0 